-------------------------------------------
--	SCRIPT:CRIACAO DO BANCO
-------------------------------------------
--SET DEFINE OFF
ALTER SESSION SET CURRENT_SCHEMA=corporativo;

CREATE SEQUENCE  "CORPORATIVO"."CP_CONFIGURACAO_SEQ"  MINVALUE 1 MAXVALUE 999999999999999999999999999 INCREMENT BY 1 START WITH 1 CACHE 20 NOORDER  NOCYCLE ;
CREATE SEQUENCE  "CORPORATIVO"."CP_FERIADO_SEQ"  MINVALUE 1 MAXVALUE 999999999999999999999999999 INCREMENT BY 1 START WITH 1 CACHE 20 NOORDER  NOCYCLE ;
CREATE SEQUENCE  "CORPORATIVO"."CP_GRUPO_SEQ"  MINVALUE 1 MAXVALUE 999999999999999999999999999 INCREMENT BY 1 START WITH 1 CACHE 20 NOORDER  NOCYCLE ;
CREATE SEQUENCE  "CORPORATIVO"."CP_IDENTIDADE_SEQ"  MINVALUE 1 MAXVALUE 999999999999999999999999999 INCREMENT BY 1 START WITH 2 CACHE 20 NOORDER  NOCYCLE ;
CREATE SEQUENCE  "CORPORATIVO"."CP_LOCALIDADE_SEQ"  MINVALUE 1 MAXVALUE 999999999999999999999999999 INCREMENT BY 1 START WITH 1 CACHE 20 NOORDER  NOCYCLE ;
CREATE SEQUENCE  "CORPORATIVO"."CP_MARCA_SEQ"  MINVALUE 1 MAXVALUE 99999999 INCREMENT BY 1 START WITH 1 CACHE 20 NOORDER  NOCYCLE ;
CREATE SEQUENCE  "CORPORATIVO"."CP_MODELO_SEQ"  MINVALUE 1 MAXVALUE 999999999999999999999999999 INCREMENT BY 1 START WITH 2 CACHE 20 NOORDER  NOCYCLE ;
CREATE SEQUENCE  "CORPORATIVO"."CP_ORGAO_SEQ"  MINVALUE 1 MAXVALUE 9999999999999999999999999999 INCREMENT BY 1 START WITH 2 CACHE 20 NOORDER  NOCYCLE ;
CREATE SEQUENCE  "CORPORATIVO"."CP_PAPEL_SEQ"  MINVALUE 1 MAXVALUE 999999999999999999999999999 INCREMENT BY 1 START WITH 1 CACHE 20 NOORDER  NOCYCLE ;
CREATE SEQUENCE  "CORPORATIVO"."CP_PERSONALIZACAO_SEQ"  MINVALUE 1 MAXVALUE 999999999999999999999999999 INCREMENT BY 1 START WITH 1 NOCACHE  NOORDER  NOCYCLE ;
CREATE SEQUENCE  "CORPORATIVO"."CP_SEDE_SEQ"  MINVALUE 1 MAXVALUE 999999999999999999999999999 INCREMENT BY 1 START WITH 1 CACHE 20 NOORDER  NOCYCLE ;
CREATE SEQUENCE  "CORPORATIVO"."CP_SERVICO_SEQ"  MINVALUE 1 MAXVALUE 999999999999999999999999999 INCREMENT BY 1 START WITH 307 CACHE 20 NOORDER  NOCYCLE ;
CREATE SEQUENCE  "CORPORATIVO"."CP_UF_SEQ"  MINVALUE 1 MAXVALUE 999999999999999999999999999 INCREMENT BY 1 START WITH 1 CACHE 20 NOORDER  NOCYCLE ;
CREATE SEQUENCE  "CORPORATIVO"."DP_CARGO_SEQ"  MINVALUE 1 MAXVALUE 9999999999999999999999999999 INCREMENT BY 1 START WITH 2 CACHE 20 NOORDER  NOCYCLE ;
CREATE SEQUENCE  "CORPORATIVO"."DP_ESTADO_CIVIL_SEQ"  MINVALUE 1 MAXVALUE 20 INCREMENT BY 1 START WITH 1 NOCACHE  NOORDER  NOCYCLE ;
CREATE SEQUENCE  "CORPORATIVO"."DP_FUNCAO_CONFIANCA_SEQ"  MINVALUE 1 MAXVALUE 9999999999999999999999999999 INCREMENT BY 1 START WITH 1 CACHE 20 NOORDER  NOCYCLE ;
CREATE SEQUENCE  "CORPORATIVO"."DP_LOTACAO_SEQ"  MINVALUE 1 MAXVALUE 9999999999999999999999999999 INCREMENT BY 1 START WITH 2 CACHE 20 NOORDER  NOCYCLE ;
CREATE SEQUENCE  "CORPORATIVO"."DP_PADRAO_REFERENCIA_SEQ"  MINVALUE 1 MAXVALUE 9999999999999999999999999999 INCREMENT BY 1 START WITH 1 CACHE 20 NOORDER  NOCYCLE ;
CREATE SEQUENCE  "CORPORATIVO"."DP_PESSOA_SEQ"  MINVALUE 1 MAXVALUE 999999999999999999999999999 INCREMENT BY 1 START WITH 2 CACHE 20 NOORDER  NOCYCLE ;
CREATE SEQUENCE  "CORPORATIVO"."DP_PROVIMENTO_SEQ"  MINVALUE 1 MAXVALUE 9999999999999999999999999999 INCREMENT BY 1 START WITH 1 CACHE 20 NOORDER  NOCYCLE ;
CREATE SEQUENCE  "CORPORATIVO"."DP_SUBSTITUICAO_SEQ"  MINVALUE 0 MAXVALUE 999999999999999999999999999 INCREMENT BY 1 START WITH 1 NOCACHE  NOORDER  NOCYCLE ;

  CREATE TABLE "CORPORATIVO"."CAD_SIT_FUNCIONAL" 
   (	"ID_CAD_SIT_FUNCIONAL" NUMBER, 
	"DSC_SIT_FUNCIONAL" VARCHAR2(60), 
	"ID_MUMPS" NUMBER
   ) ;
--------------------------------------------------------
--  DDL for Table CP_APLICACAO_FERIADO
--------------------------------------------------------

  CREATE TABLE "CORPORATIVO"."CP_APLICACAO_FERIADO" 
   (	"ID_APLICACAO" NUMBER, 
	"ID_ORGAO_USU" NUMBER(10,0), 
	"ID_LOTACAO" NUMBER(5,0), 
	"ID_LOCALIDADE" NUMBER, 
	"ID_OCORRENCIA_FERIADO" NUMBER, 
	"FERIADO" VARCHAR2(1)
   ) ;
--------------------------------------------------------
--  DDL for Table CP_CONFIGURACAO
--------------------------------------------------------

  CREATE TABLE "CORPORATIVO"."CP_CONFIGURACAO" 
   (	"ID_CONFIGURACAO" NUMBER(19,0), 
	"DT_INI_VIG_CONFIGURACAO" DATE, 
	"DT_FIM_VIG_CONFIGURACAO" DATE, 
	"DT_INI_REG" TIMESTAMP (6), 
	"ID_ORGAO_USU" NUMBER(19,0), 
	"ID_LOTACAO" NUMBER(19,0), 
	"ID_CARGO" NUMBER(19,0), 
	"ID_FUNCAO_CONFIANCA" NUMBER(19,0), 
	"ID_PESSOA" NUMBER(19,0), 
	"ID_SIT_CONFIGURACAO" NUMBER(19,0), 
	"ID_TP_CONFIGURACAO" NUMBER(19,0), 
	"ID_SERVICO" NUMBER, 
	"ID_GRUPO" NUMBER, 
	"NM_EMAIL" VARCHAR2(50), 
	"DESC_FORMULA" VARCHAR2(1024), 
	"ID_TP_LOTACAO" NUMBER, 
	"ID_IDENTIDADE" NUMBER, 
	"HIS_IDC_INI" NUMBER, 
	"HIS_IDC_FIM" NUMBER
   ) ;
--------------------------------------------------------
--  DDL for Table CP_FERIADO
--------------------------------------------------------

  CREATE TABLE "CORPORATIVO"."CP_FERIADO" 
   (	"ID_FERIADO" NUMBER, 
	"DSC_FERIADO" VARCHAR2(256)
   ) ;
 

   COMMENT ON COLUMN "CORPORATIVO"."CP_FERIADO"."ID_FERIADO" IS 'código de identificação do feriado';
 
   COMMENT ON COLUMN "CORPORATIVO"."CP_FERIADO"."DSC_FERIADO" IS 'descrição do feriado';
 
   COMMENT ON TABLE "CORPORATIVO"."CP_FERIADO"  IS 'TABELA DE FERIADOS REGISTRA FERIADOS FIXOS E MÓVEIS PARA CADA LOCALIDADE.';
--------------------------------------------------------
--  DDL for Table CP_GRUPO
--------------------------------------------------------

  CREATE TABLE "CORPORATIVO"."CP_GRUPO" 
   (	"ID_GRUPO" NUMBER, 
	"ID_TP_GRUPO" NUMBER, 
	"ID_ORGAO_USU" NUMBER, 
	"ID_GRUPO_PAI" NUMBER, 
	"SIGLA_GRUPO" VARCHAR2(20), 
	"DESC_GRUPO" VARCHAR2(200), 
	"HIS_ID_INI" NUMBER, 
	"HIS_DT_INI" DATE, 
	"HIS_IDC_INI" NUMBER, 
	"HIS_DT_FIM" DATE, 
	"HIS_IDC_FIM" NUMBER, 
	"HIS_ATIVO" NUMBER(1,0)
   ) ;
--------------------------------------------------------
--  DDL for Table CP_IDENTIDADE
--------------------------------------------------------

  CREATE TABLE "CORPORATIVO"."CP_IDENTIDADE" 
   (	"ID_IDENTIDADE" NUMBER, 
	"ID_TP_IDENTIDADE" NUMBER, 
	"ID_PESSOA" NUMBER, 
	"DATA_CRIACAO_IDENTIDADE" DATE, 
	"DATA_EXPIRACAO_IDENTIDADE" DATE, 
	"DATA_CANCELAMENTO_IDENTIDADE" DATE, 
	"ID_ORGAO_USU" NUMBER, 
	"LOGIN_IDENTIDADE" VARCHAR2(20), 
	"SENHA_IDENTIDADE" VARCHAR2(40), 
	"SENHA_IDENTIDADE_CRIPTO" VARCHAR2(255), 
	"SENHA_IDENTIDADE_CRIPTO_SINC" VARCHAR2(255), 
	"HIS_ID_INI" NUMBER, 
	"HIS_DT_INI" DATE, 
	"HIS_IDC_INI" NUMBER, 
	"HIS_DT_FIM" DATE, 
	"HIS_IDC_FIM" NUMBER, 
	"HIS_ATIVO" NUMBER(1,0)
   ) ;
--------------------------------------------------------
--  DDL for Table CP_LOCALIDADE
--------------------------------------------------------

  CREATE TABLE "CORPORATIVO"."CP_LOCALIDADE" 
   (	"ID_LOCALIDADE" NUMBER, 
	"NM_LOCALIDADE" VARCHAR2(256), 
	"ID_UF" NUMBER
   ) ;
 

   COMMENT ON COLUMN "CORPORATIVO"."CP_LOCALIDADE"."ID_LOCALIDADE" IS 'codigo sequencia de gerado pelo sistema';
 
   COMMENT ON COLUMN "CORPORATIVO"."CP_LOCALIDADE"."NM_LOCALIDADE" IS 'nome do municipio (localidade) do órgão, ou pessoa.';
 
   COMMENT ON COLUMN "CORPORATIVO"."CP_LOCALIDADE"."ID_UF" IS 'chave estrangeira que identifica a unidade federal a que a localidade pertence.';
 
   COMMENT ON TABLE "CORPORATIVO"."CP_LOCALIDADE"  IS 'TABELA DE CADASTRO DE MUNICÍPIOS';
--------------------------------------------------------
--  DDL for Table CP_MARCA
--------------------------------------------------------

  CREATE TABLE "CORPORATIVO"."CP_MARCA" 
   (	"ID_MARCA" NUMBER, 
	"DT_INI_MARCA" DATE, 
	"DT_FIM_MARCA" DATE, 
	"ID_MARCADOR" NUMBER, 
	"ID_PESSOA_INI" NUMBER, 
	"ID_LOTACAO_INI" NUMBER, 
	"ID_MOBIL" NUMBER, 
	"ID_TP_MARCA" NUMBER, 
	"ID_REF" NUMBER
   ) ;
--------------------------------------------------------
--  DDL for Table CP_MARCADOR
--------------------------------------------------------

  CREATE TABLE "CORPORATIVO"."CP_MARCADOR" 
   (	"ID_MARCADOR" NUMBER, 
	"DESCR_MARCADOR" VARCHAR2(40), 
	"ID_TP_MARCADOR" NUMBER
   ) ;
--------------------------------------------------------
--  DDL for Table CP_MODELO
--------------------------------------------------------

  CREATE TABLE "CORPORATIVO"."CP_MODELO" 
   (	"ID_MODELO" NUMBER, 
	"ID_ORGAO_USU" NUMBER, 
	"CONTEUDO_BLOB_MOD" BLOB, 
	"HIS_ID_INI" NUMBER, 
	"HIS_DT_INI" DATE, 
	"HIS_IDC_INI" NUMBER, 
	"HIS_DT_FIM" DATE, 
	"HIS_IDC_FIM" NUMBER, 
	"HIS_ATIVO" NUMBER(1,0)
   ) ;
--------------------------------------------------------
--  DDL for Table CP_OCORRENCIA_FERIADO
--------------------------------------------------------

  CREATE TABLE "CORPORATIVO"."CP_OCORRENCIA_FERIADO" 
   (	"ID_OCORRENCIA" NUMBER, 
	"DT_INI_FERIADO" DATE, 
	"DT_FIM_FERIADO" DATE, 
	"ID_FERIADO" NUMBER
   ) ;
--------------------------------------------------------
--  DDL for Table CP_ORGAO
--------------------------------------------------------

  CREATE TABLE "CORPORATIVO"."CP_ORGAO" 
   (	"ID_ORGAO" NUMBER(10,0), 
	"NM_ORGAO" VARCHAR2(256) DEFAULT NULL, 
	"CGC_ORGAO" NUMBER(14,0), 
	"RAZAO_SOCIAL_ORGAO" VARCHAR2(256) DEFAULT NULL, 
	"END_ORGAO" VARCHAR2(256) DEFAULT NULL, 
	"BAIRRO_ORGAO" VARCHAR2(50) DEFAULT NULL, 
	"MUNICIPIO_ORGAO" VARCHAR2(50), 
	"CEP_ORGAO" VARCHAR2(8), 
	"DSC_TIPO_ORGAO" VARCHAR2(100) DEFAULT NULL, 
	"NOME_RESPONSAVEL_ORGAO" VARCHAR2(60), 
	"EMAIL_RESPONSAVEL_ORGAO" VARCHAR2(60), 
	"NOME_CONTATO_ORGAO" VARCHAR2(60), 
	"EMAIL_CONTATO_ORGAO" VARCHAR2(60), 
	"TEL_CONTATO_ORGAO" VARCHAR2(10), 
	"SIGLA_ORGAO" VARCHAR2(30), 
	"UF_ORGAO" VARCHAR2(2), 
	"ID_ORGAO_USU" NUMBER(10,0), 
	"FG_ATIVO" VARCHAR2(1), 
	"HIS_ID_INI" NUMBER, 
	"HIS_IDE" VARCHAR2(256), 
	"HIS_DT_INI" DATE, 
	"HIS_DT_FIM" DATE, 
	"HIS_ATIVO" NUMBER
   ) ;
 

   COMMENT ON COLUMN "CORPORATIVO"."CP_ORGAO"."ID_ORGAO" IS 'Numero sequencial identificador do registro. É interno e gerado automaticamente pelo sistema';
 
   COMMENT ON COLUMN "CORPORATIVO"."CP_ORGAO"."NM_ORGAO" IS 'Nome do Órgão Externo, campo livre.';
 
   COMMENT ON COLUMN "CORPORATIVO"."CP_ORGAO"."CGC_ORGAO" IS 'CGC do Órgão Externo.';
 
   COMMENT ON COLUMN "CORPORATIVO"."CP_ORGAO"."RAZAO_SOCIAL_ORGAO" IS 'Razão social do Órgão Externo.';
 
   COMMENT ON COLUMN "CORPORATIVO"."CP_ORGAO"."END_ORGAO" IS 'Endereço do Órgão Externo, canpo livre.';
 
   COMMENT ON COLUMN "CORPORATIVO"."CP_ORGAO"."DSC_TIPO_ORGAO" IS 'Descrição do Tipo de Órgão Externo.';
 
   COMMENT ON COLUMN "CORPORATIVO"."CP_ORGAO"."ID_ORGAO_USU" IS 'Órgão responsável pelo cadastramento e manutenção dos dados do registro. Só este órgão terá acesso a este registro.';
  GRANT ALTER ON "CORPORATIVO"."CP_ORGAO" TO "SIGA";
 
  GRANT DELETE ON "CORPORATIVO"."CP_ORGAO" TO "SIGA";
 
  GRANT INDEX ON "CORPORATIVO"."CP_ORGAO" TO "SIGA";
 
  GRANT INSERT ON "CORPORATIVO"."CP_ORGAO" TO "SIGA";
 
  GRANT SELECT ON "CORPORATIVO"."CP_ORGAO" TO "SIGA";
 
  GRANT UPDATE ON "CORPORATIVO"."CP_ORGAO" TO "SIGA";
 
  GRANT REFERENCES ON "CORPORATIVO"."CP_ORGAO" TO "SIGA";
 
  GRANT ON COMMIT REFRESH ON "CORPORATIVO"."CP_ORGAO" TO "SIGA";
 
  GRANT QUERY REWRITE ON "CORPORATIVO"."CP_ORGAO" TO "SIGA";
 
  GRANT DEBUG ON "CORPORATIVO"."CP_ORGAO" TO "SIGA";
 
  GRANT FLASHBACK ON "CORPORATIVO"."CP_ORGAO" TO "SIGA";
 

--------------------------------------------------------
--  DDL for Table CP_ORGAO_USUARIO
--------------------------------------------------------

  CREATE TABLE "CORPORATIVO"."CP_ORGAO_USUARIO" 
   (	"ID_ORGAO_USU" NUMBER(10,0), 
	"NM_ORGAO_USU" VARCHAR2(256), 
	"CGC_ORGAO_USU" NUMBER(14,0), 
	"RAZAO_SOCIAL_ORGAO_USU" VARCHAR2(256), 
	"END_ORGAO_USU" VARCHAR2(256), 
	"BAIRRO_ORGAO_USU" VARCHAR2(50), 
	"MUNICIPIO_ORGAO_USU" VARCHAR2(50), 
	"CEP_ORGAO_USU" VARCHAR2(8), 
	"NM_RESP_ORGAO_USU" VARCHAR2(60), 
	"TEL_ORGAO_USU" VARCHAR2(10), 
	"SIGLA_ORGAO_USU" VARCHAR2(15), 
	"UF_ORGAO_USU" VARCHAR2(2), 
	"COD_ORGAO_USU" NUMBER, 
	"ACRONIMO_ORGAO_USU" VARCHAR2(12)
   ) ;
 

   COMMENT ON COLUMN "CORPORATIVO"."CP_ORGAO_USUARIO"."COD_ORGAO_USU" IS 'Campo livre destinado ao cadastramento dos códigos de órgãos de forma a haver correspondência com sistemas do TRF e JFES';
 
   COMMENT ON TABLE "CORPORATIVO"."CP_ORGAO_USUARIO"  IS 'Tabela que armazena os órgãos usuários capazes de criar, cadastrar, ou alterar documentos no sistema.';
  GRANT ALTER ON "CORPORATIVO"."CP_ORGAO_USUARIO" TO "SIGA";
 
  GRANT DELETE ON "CORPORATIVO"."CP_ORGAO_USUARIO" TO "SIGA";
 
  GRANT INDEX ON "CORPORATIVO"."CP_ORGAO_USUARIO" TO "SIGA";
 
  GRANT INSERT ON "CORPORATIVO"."CP_ORGAO_USUARIO" TO "SIGA";
 
  GRANT SELECT ON "CORPORATIVO"."CP_ORGAO_USUARIO" TO "SIGA";
 
  GRANT UPDATE ON "CORPORATIVO"."CP_ORGAO_USUARIO" TO "SIGA";
 
  GRANT REFERENCES ON "CORPORATIVO"."CP_ORGAO_USUARIO" TO "SIGA";
 
  GRANT ON COMMIT REFRESH ON "CORPORATIVO"."CP_ORGAO_USUARIO" TO "SIGA";
 
  GRANT QUERY REWRITE ON "CORPORATIVO"."CP_ORGAO_USUARIO" TO "SIGA";
 
  GRANT DEBUG ON "CORPORATIVO"."CP_ORGAO_USUARIO" TO "SIGA";
 
  GRANT FLASHBACK ON "CORPORATIVO"."CP_ORGAO_USUARIO" TO "SIGA";
 

--------------------------------------------------------
--  DDL for Table CP_PAPEL
--------------------------------------------------------

  CREATE TABLE "CORPORATIVO"."CP_PAPEL" 
   (	"ID_PAPEL" NUMBER, 
	"ID_TP_PAPEL" NUMBER, 
	"ID_PESSOA" NUMBER, 
	"ID_LOTACAO" NUMBER, 
	"ID_FUNCAO_CONFIANCA" NUMBER, 
	"ID_CARGO" NUMBER, 
	"ID_ORGAO_USU" NUMBER, 
	"HIS_ID_INI" NUMBER, 
	"HIS_IDE" VARCHAR2(256), 
	"HIS_DT_INI" DATE, 
	"HIS_DT_FIM" DATE, 
	"HIS_ATIVO" NUMBER(1,0)
   ) ;
  GRANT ALTER ON "CORPORATIVO"."CP_PAPEL" TO "SIGA";
 
  GRANT DELETE ON "CORPORATIVO"."CP_PAPEL" TO "SIGA";
 
  GRANT INDEX ON "CORPORATIVO"."CP_PAPEL" TO "SIGA";
 
  GRANT INSERT ON "CORPORATIVO"."CP_PAPEL" TO "SIGA";
 
  GRANT SELECT ON "CORPORATIVO"."CP_PAPEL" TO "SIGA";
 
  GRANT UPDATE ON "CORPORATIVO"."CP_PAPEL" TO "SIGA";
 
  GRANT REFERENCES ON "CORPORATIVO"."CP_PAPEL" TO "SIGA";
 
  GRANT ON COMMIT REFRESH ON "CORPORATIVO"."CP_PAPEL" TO "SIGA";
 
  GRANT QUERY REWRITE ON "CORPORATIVO"."CP_PAPEL" TO "SIGA";
 
  GRANT DEBUG ON "CORPORATIVO"."CP_PAPEL" TO "SIGA";
 
  GRANT FLASHBACK ON "CORPORATIVO"."CP_PAPEL" TO "SIGA";
 

--------------------------------------------------------
--  DDL for Table CP_PERSONALIZACAO
--------------------------------------------------------

  CREATE TABLE "CORPORATIVO"."CP_PERSONALIZACAO" 
   (	"ID_PESSOA" NUMBER, 
	"ID_PAPEL_ATIVO" NUMBER, 
	"ID_SUBSTITUINDO_PESSOA" NUMBER, 
	"ID_SUBSTITUINDO_LOTACAO" NUMBER, 
	"ID_SUBSTITUINDO_PAPEL" NUMBER, 
	"NM_SIMULANDO_USUARIO" VARCHAR2(15), 
	"ID_PERSONALIZACAO" NUMBER
   ) ;
  GRANT ALTER ON "CORPORATIVO"."CP_PERSONALIZACAO" TO "SIGA";
 
  GRANT DELETE ON "CORPORATIVO"."CP_PERSONALIZACAO" TO "SIGA";
 
  GRANT INDEX ON "CORPORATIVO"."CP_PERSONALIZACAO" TO "SIGA";
 
  GRANT INSERT ON "CORPORATIVO"."CP_PERSONALIZACAO" TO "SIGA";
 
  GRANT SELECT ON "CORPORATIVO"."CP_PERSONALIZACAO" TO "SIGA";
 
  GRANT UPDATE ON "CORPORATIVO"."CP_PERSONALIZACAO" TO "SIGA";
 
  GRANT REFERENCES ON "CORPORATIVO"."CP_PERSONALIZACAO" TO "SIGA";
 
  GRANT ON COMMIT REFRESH ON "CORPORATIVO"."CP_PERSONALIZACAO" TO "SIGA";
 
  GRANT QUERY REWRITE ON "CORPORATIVO"."CP_PERSONALIZACAO" TO "SIGA";
 
  GRANT DEBUG ON "CORPORATIVO"."CP_PERSONALIZACAO" TO "SIGA";
 
  GRANT FLASHBACK ON "CORPORATIVO"."CP_PERSONALIZACAO" TO "SIGA";
 

--------------------------------------------------------
--  DDL for Table CP_SEDE
--------------------------------------------------------

  CREATE TABLE "CORPORATIVO"."CP_SEDE" 
   (	"ID_SEDE" CHAR(10), 
	"NM_SEDE" VARCHAR2(256), 
	"DSC_SEDE" VARCHAR2(512), 
	"ID_ORGAO_USU" NUMBER(10,0)
   ) ;
--------------------------------------------------------
--  DDL for Table CP_SERVICO
--------------------------------------------------------

  CREATE TABLE "CORPORATIVO"."CP_SERVICO" 
   (	"ID_SERVICO" NUMBER, 
	"SIGLA_SERVICO" VARCHAR2(20), 
	"DESC_SERVICO" VARCHAR2(200), 
	"ID_SERVICO_PAI" NUMBER, 
	"ID_TP_SERVICO" NUMBER
   ) ;
--------------------------------------------------------
--  DDL for Table CP_SITUACAO_CONFIGURACAO
--------------------------------------------------------

  CREATE TABLE "CORPORATIVO"."CP_SITUACAO_CONFIGURACAO" 
   (	"ID_SIT_CONFIGURACAO" NUMBER(19,0), 
	"DSC_SIT_CONFIGURACAO" VARCHAR2(255 CHAR), 
	"RESTRITIVIDADE_SIT_CONF" NUMBER
   ) ;
--------------------------------------------------------
--  DDL for Table CP_TIPO_CONFIGURACAO
--------------------------------------------------------

  CREATE TABLE "CORPORATIVO"."CP_TIPO_CONFIGURACAO" 
   (	"ID_TP_CONFIGURACAO" NUMBER(19,0), 
	"DSC_TP_CONFIGURACAO" VARCHAR2(255 CHAR), 
	"ID_SIT_CONFIGURACAO" NUMBER(19,0)
   ) ;
--------------------------------------------------------
--  DDL for Table CP_TIPO_GRUPO
--------------------------------------------------------

  CREATE TABLE "CORPORATIVO"."CP_TIPO_GRUPO" 
   (	"ID_TP_GRUPO" NUMBER, 
	"DESC_TP_GRUPO" VARCHAR2(200)
   ) ;
--------------------------------------------------------
--  DDL for Table CP_TIPO_IDENTIDADE
--------------------------------------------------------

  CREATE TABLE "CORPORATIVO"."CP_TIPO_IDENTIDADE" 
   (	"ID_TP_IDENTIDADE" NUMBER, 
	"DESC_TP_IDENTIDADE" VARCHAR2(60)
   ) ;
--------------------------------------------------------
--  DDL for Table CP_TIPO_LOTACAO
--------------------------------------------------------

  CREATE TABLE "CORPORATIVO"."CP_TIPO_LOTACAO" 
   (	"ID_TP_LOTACAO" NUMBER, 
	"SIGLA_TP_LOTACAO" VARCHAR2(40), 
	"DESC_TP_LOTACAO" VARCHAR2(200), 
	"ID_TP_LOTACAO_PAI" NUMBER
   ) ;
--------------------------------------------------------
--  DDL for Table CP_TIPO_MARCA
--------------------------------------------------------

  CREATE TABLE "CORPORATIVO"."CP_TIPO_MARCA" 
   (	"ID_TP_MARCA" NUMBER, 
	"DESCR_TP_MARCA" VARCHAR2(30)
   ) ;
--------------------------------------------------------
--  DDL for Table CP_TIPO_MARCADOR
--------------------------------------------------------

  CREATE TABLE "CORPORATIVO"."CP_TIPO_MARCADOR" 
   (	"ID_TP_MARCADOR" NUMBER, 
	"DESCR_TIPO_MARCADOR" VARCHAR2(30)
   ) ;
--------------------------------------------------------
--  DDL for Table CP_TIPO_PAPEL
--------------------------------------------------------

  CREATE TABLE "CORPORATIVO"."CP_TIPO_PAPEL" 
   (	"ID_TP_PAPEL" NUMBER, 
	"DESC_TP_PAPEL" VARCHAR2(60)
   ) ;
--------------------------------------------------------
--  DDL for Table CP_TIPO_PESSOA
--------------------------------------------------------

  CREATE TABLE "CORPORATIVO"."CP_TIPO_PESSOA" 
   (	"ID_TP_PESSOA" NUMBER, 
	"DESC_TP_PESSOA" VARCHAR2(60)
   ) ;
--------------------------------------------------------
--  DDL for Table CP_TIPO_SERVICO
--------------------------------------------------------

  CREATE TABLE "CORPORATIVO"."CP_TIPO_SERVICO" 
   (	"ID_TP_SERVICO" NUMBER, 
	"DESC_TP_SERVICO" VARCHAR2(60), 
	"ID_SIT_CONFIGURACAO" NUMBER
   ) ;
--------------------------------------------------------
--  DDL for Table CP_TIPO_SERVICO_SITUACAO
--------------------------------------------------------

  CREATE TABLE "CORPORATIVO"."CP_TIPO_SERVICO_SITUACAO" 
   (	"ID_TP_SERVICO" NUMBER, 
	"ID_SIT_CONFIGURACAO" NUMBER
   ) ;
--------------------------------------------------------
--  DDL for Table CP_UF
--------------------------------------------------------

  CREATE TABLE "CORPORATIVO"."CP_UF" 
   (	"ID_UF" NUMBER, 
	"NM_UF" VARCHAR2(256)
   ) ;
 

   COMMENT ON COLUMN "CORPORATIVO"."CP_UF"."ID_UF" IS 'código identificador da unidade federal, númeor sequencial gerado pelo sistema';
 
   COMMENT ON COLUMN "CORPORATIVO"."CP_UF"."NM_UF" IS 'nome do estado (unidade federal). Campo livre ';
 
   COMMENT ON TABLE "CORPORATIVO"."CP_UF"  IS 'TABELA DE CADSTRO DAS UNIDADES FEDERAIS';
--------------------------------------------------------
--  DDL for Table DP_CARGO
--------------------------------------------------------

  CREATE TABLE "CORPORATIVO"."DP_CARGO" 
   (	"ID_CARGO" NUMBER(10,0) DEFAULT NULL, 
	"NOME_CARGO" VARCHAR2(100), 
	"ID_ORGAO_USU" NUMBER(10,0) DEFAULT NULL, 
	"DT_FIM_CARGO" DATE, 
	"DT_INI_CARGO" DATE, 
	"ID_CARGO_INICIAL" NUMBER(10,0), 
	"IDE_CARGO" VARCHAR2(256), 
	"SIGLA_CARGO" VARCHAR2(30)
   ) ;
 

COMMENT ON COLUMN "CORPORATIVO"."DP_CARGO"."ID_ORGAO_USU" IS 'Chave extrangeira que aponta para a tabela de Órgão Usuário.';
COMMENT ON COLUMN "CORPORATIVO"."DP_CARGO"."DT_FIM_CARGO" IS 'data de fim de vigência do cargo.';
COMMENT ON COLUMN "CORPORATIVO"."DP_CARGO"."DT_INI_CARGO" IS 'data de inicio de vigência do cargo.';
COMMENT ON COLUMN "CORPORATIVO"."DP_CARGO"."IDE_CARGO" IS 'Identificador de cargo importado de tabela externa.';
COMMENT ON TABLE "CORPORATIVO"."DP_CARGO"  IS 'Tabela de cargos existentes em cada Órgão Usuário.';

GRANT ALTER ON "CORPORATIVO"."DP_CARGO" TO "SIGA";
GRANT DELETE ON "CORPORATIVO"."DP_CARGO" TO "SIGA";
GRANT INDEX ON "CORPORATIVO"."DP_CARGO" TO "SIGA";
GRANT INSERT ON "CORPORATIVO"."DP_CARGO" TO "SIGA";
GRANT SELECT ON "CORPORATIVO"."DP_CARGO" TO "SIGA";
GRANT UPDATE ON "CORPORATIVO"."DP_CARGO" TO "SIGA";
GRANT REFERENCES ON "CORPORATIVO"."DP_CARGO" TO "SIGA";
GRANT ON COMMIT REFRESH ON "CORPORATIVO"."DP_CARGO" TO "SIGA";
GRANT QUERY REWRITE ON "CORPORATIVO"."DP_CARGO" TO "SIGA";
GRANT DEBUG ON "CORPORATIVO"."DP_CARGO" TO "SIGA";
GRANT FLASHBACK ON "CORPORATIVO"."DP_CARGO" TO "SIGA";


--------------------------------------------------------
--  DDL for Table DP_ESTADO_CIVIL
--------------------------------------------------------

  CREATE TABLE "CORPORATIVO"."DP_ESTADO_CIVIL" 
   (	"ID_ESTADO_CIVIL" NUMBER, 
	"NM_ESTADO_CIVIL" VARCHAR2(20)
   ) ;
 

   COMMENT ON COLUMN "CORPORATIVO"."DP_ESTADO_CIVIL"."ID_ESTADO_CIVIL" IS 'representa o codigo identificador do estado civil, é sequencial e transparente para o usuário';
 
   COMMENT ON COLUMN "CORPORATIVO"."DP_ESTADO_CIVIL"."NM_ESTADO_CIVIL" IS 'nome do estado civil, campo livre.';
--------------------------------------------------------
--  DDL for Table DP_FUNCAO_CONFIANCA
--------------------------------------------------------

  CREATE TABLE "CORPORATIVO"."DP_FUNCAO_CONFIANCA" 
   (	"ID_FUNCAO_CONFIANCA" NUMBER(10,0) DEFAULT NULL, 
	"NOME_FUNCAO_CONFIANCA" VARCHAR2(100), 
	"NIVEL_FUNCAO_CONFIANCA" NUMBER(3,0), 
	"COD_FOLHA_FUNCAO_CONFIANCA" NUMBER(3,0), 
	"DT_INI_FUNCAO_CONFIANCA" DATE, 
	"DT_FIM_FUNCAO_CONFIANCA" DATE, 
	"ID_FUNCAO_CONFIANCA_PAI" NUMBER(10,0) DEFAULT NULL, 
	"CATEGORIA_FUNCAO_CONFIANCA" VARCHAR2(15), 
	"ID_ORGAO_USU" NUMBER(10,0) DEFAULT NULL, 
	"IDE_FUNCAO_CONFIANCA" VARCHAR2(256), 
	"ID_FUN_CONF_INI" NUMBER(10,0), 
	"SIGLA_FUNCAO_CONFIANCA" VARCHAR2(30)
   ) ;
 

COMMENT ON COLUMN "CORPORATIVO"."DP_FUNCAO_CONFIANCA"."ID_ORGAO_USU" IS 'Chave estrangeira que aponta para Órgão Usuário.';
COMMENT ON COLUMN "CORPORATIVO"."DP_FUNCAO_CONFIANCA"."IDE_FUNCAO_CONFIANCA" IS 'chave da funcao originaria de migração em sua tabela de origem';
COMMENT ON COLUMN "CORPORATIVO"."DP_FUNCAO_CONFIANCA"."ID_FUN_CONF_INI" IS 'chava da função orignária desta função.';
COMMENT ON TABLE "CORPORATIVO"."DP_FUNCAO_CONFIANCA"  IS 'Tabela de Função de Confiança, armazena as funções de confiança existentes em cada Órgão Usuário.';

GRANT ALTER ON "CORPORATIVO"."DP_FUNCAO_CONFIANCA" TO "SIGA";
GRANT DELETE ON "CORPORATIVO"."DP_FUNCAO_CONFIANCA" TO "SIGA";
GRANT INDEX ON "CORPORATIVO"."DP_FUNCAO_CONFIANCA" TO "SIGA";
GRANT INSERT ON "CORPORATIVO"."DP_FUNCAO_CONFIANCA" TO "SIGA";
GRANT SELECT ON "CORPORATIVO"."DP_FUNCAO_CONFIANCA" TO "SIGA";
GRANT UPDATE ON "CORPORATIVO"."DP_FUNCAO_CONFIANCA" TO "SIGA";
GRANT REFERENCES ON "CORPORATIVO"."DP_FUNCAO_CONFIANCA" TO "SIGA";
GRANT ON COMMIT REFRESH ON "CORPORATIVO"."DP_FUNCAO_CONFIANCA" TO "SIGA";
GRANT QUERY REWRITE ON "CORPORATIVO"."DP_FUNCAO_CONFIANCA" TO "SIGA";
GRANT DEBUG ON "CORPORATIVO"."DP_FUNCAO_CONFIANCA" TO "SIGA";
GRANT FLASHBACK ON "CORPORATIVO"."DP_FUNCAO_CONFIANCA" TO "SIGA";


--------------------------------------------------------
--  DDL for Table DP_LOTACAO
--------------------------------------------------------

  CREATE TABLE "CORPORATIVO"."DP_LOTACAO" 
   (	"ID_LOTACAO" NUMBER(5,0), 
	"DATA_INI_LOT" DATE, 
	"DATA_FIM_LOT" DATE, 
	"NOME_LOTACAO" VARCHAR2(120), 
	"ID_LOTACAO_PAI" NUMBER(5,0), 
	"SIGLA_LOTACAO" VARCHAR2(20) DEFAULT NULL, 
	"ID_ORGAO_USU" NUMBER(10,0), 
	"IDE_LOTACAO" VARCHAR2(256), 
	"ID_LOTACAO_INI" NUMBER(5,0), 
	"ID_TP_LOTACAO" NUMBER
   ) ;
 

COMMENT ON COLUMN "CORPORATIVO"."DP_LOTACAO"."DATA_INI_LOT" IS 'Data de criação ou alteração da lotação.';
COMMENT ON COLUMN "CORPORATIVO"."DP_LOTACAO"."DATA_FIM_LOT" IS 'Data de extinção ou fim de determinada situação da lotação.';
COMMENT ON COLUMN "CORPORATIVO"."DP_LOTACAO"."ID_LOTACAO_PAI" IS 'Identificador da Lotação superior em hierarquia.';
COMMENT ON COLUMN "CORPORATIVO"."DP_LOTACAO"."SIGLA_LOTACAO" IS 'Sigla da lotação.';
COMMENT ON TABLE "CORPORATIVO"."DP_LOTACAO"  IS 'Tabela de lotações.';

GRANT ALTER ON "CORPORATIVO"."DP_LOTACAO" TO "SIGA";
GRANT DELETE ON "CORPORATIVO"."DP_LOTACAO" TO "SIGA";
GRANT INDEX ON "CORPORATIVO"."DP_LOTACAO" TO "SIGA";
GRANT INSERT ON "CORPORATIVO"."DP_LOTACAO" TO "SIGA";
GRANT SELECT ON "CORPORATIVO"."DP_LOTACAO" TO "SIGA";
GRANT UPDATE ON "CORPORATIVO"."DP_LOTACAO" TO "SIGA";
GRANT REFERENCES ON "CORPORATIVO"."DP_LOTACAO" TO "SIGA";
GRANT ON COMMIT REFRESH ON "CORPORATIVO"."DP_LOTACAO" TO "SIGA";
GRANT QUERY REWRITE ON "CORPORATIVO"."DP_LOTACAO" TO "SIGA";
GRANT DEBUG ON "CORPORATIVO"."DP_LOTACAO" TO "SIGA";
GRANT FLASHBACK ON "CORPORATIVO"."DP_LOTACAO" TO "SIGA";


--------------------------------------------------------
--  DDL for Table DP_PADRAO_REFERENCIA
--------------------------------------------------------

  CREATE TABLE "CORPORATIVO"."DP_PADRAO_REFERENCIA" 
   (	"ID_PADRAO_REFERENCIA" NUMBER(4,0), 
	"ID_PADRAO_REFERENCIA_PAI" NUMBER(4,0), 
	"DSC_PADRAO" VARCHAR2(3), 
	"DSC_CLASSE" VARCHAR2(20), 
	"DSC_NIVEL" VARCHAR2(2), 
	"PADRAO_REFERENCIA_DT_FIM" DATE, 
	"ID_ORGAO_USU" NUMBER(10,0) DEFAULT 1
   ) ;
--------------------------------------------------------
--  DDL for Table DP_PESSOA
--------------------------------------------------------

  CREATE TABLE "CORPORATIVO"."DP_PESSOA" 
   (	"ID_PESSOA" NUMBER(10,0), 
	"DATA_INI_PESSOA" DATE, 
	"DATA_FIM_PESSOA" DATE, 
	"CPF_PESSOA" NUMBER(11,0), 
	"NOME_PESSOA" VARCHAR2(60), 
	"DATA_NASC_PESSOA" DATE, 
	"MATRICULA" NUMBER(8,0), 
	"ID_LOTACAO" NUMBER(5,0), 
	"ID_CARGO" NUMBER(10,0) DEFAULT NULL, 
	"ID_FUNCAO_CONFIANCA" NUMBER(10,0) DEFAULT NULL, 
	"SESB_PESSOA" VARCHAR2(2), 
	"EMAIL_PESSOA" VARCHAR2(60), 
	"TP_SERVIDOR_PESSOA" NUMBER(1,0), 
	"SIGLA_PESSOA" VARCHAR2(20), 
	"SEXO_PESSOA" VARCHAR2(1), 
	"GRAU_INSTRUCAO_PESSOA" VARCHAR2(50), 
	"TP_SANGUINEO_PESSOA" VARCHAR2(3), 
	"NACIONALIDADE_PESSOA" CHAR(60), 
	"DATA_POSSE_PESSOA" DATE, 
	"DATA_NOMEACAO_PESSOA" DATE, 
	"DATA_PUBLICACAO_PESSOA" DATE, 
	"DATA_INICIO_EXERCICIO_PESSOA" DATE, 
	"ATO_NOMEACAO_PESSOA" VARCHAR2(50) DEFAULT NULL, 
	"SITUACAO_FUNCIONAL_PESSOA" VARCHAR2(50), 
	"ID_PROVIMENTO" NUMBER(3,0), 
	"NATURALIDADE_PESSOA" VARCHAR2(60), 
	"FG_IMPRIME_END" VARCHAR2(1), 
	"DSC_PADRAO_REFERENCIA_PESSOA" VARCHAR2(16) DEFAULT NULL, 
	"ID_ORGAO_USU" NUMBER(10,0) DEFAULT NULL, 
	"IDE_PESSOA" VARCHAR2(256), 
	"ID_PESSOA_INICIAL" NUMBER(10,0), 
	"ENDERECO_PESSOA" VARCHAR2(100), 
	"BAIRRO_PESSOA" VARCHAR2(50), 
	"CIDADE_PESSOA" VARCHAR2(30), 
	"CEP_PESSOA" VARCHAR2(8), 
	"TELEFONE_PESSOA" VARCHAR2(30), 
	"RG_PESSOA" VARCHAR2(20), 
	"RG_ORGAO_PESSOA" VARCHAR2(50), 
	"RG_DATA_EXPEDICAO_PESSOA" DATE, 
	"RG_UF_PESSOA" CHAR(2), 
	"ID_ESTADO_CIVIL" NUMBER, 
	"ID_TP_PESSOA" NUMBER, 
	"NOME_EXIBICAO" VARCHAR2(255)
   ) ;
 

COMMENT ON COLUMN "CORPORATIVO"."DP_PESSOA"."FG_IMPRIME_END" IS 'Flag que indica se  o servidor optou por imprimir o endereço no contra-cheque.';
COMMENT ON TABLE "CORPORATIVO"."DP_PESSOA"  IS 'Tabela de pessoas cadastradas nos Órgãos usuários, podem ser servidores do quadro, requisitados ou contratados.';

GRANT ALTER ON "CORPORATIVO"."DP_PESSOA" TO "SIGA";
GRANT DELETE ON "CORPORATIVO"."DP_PESSOA" TO "SIGA";
GRANT INDEX ON "CORPORATIVO"."DP_PESSOA" TO "SIGA";
GRANT INSERT ON "CORPORATIVO"."DP_PESSOA" TO "SIGA";
GRANT SELECT ON "CORPORATIVO"."DP_PESSOA" TO "SIGA";
GRANT UPDATE ON "CORPORATIVO"."DP_PESSOA" TO "SIGA";
GRANT REFERENCES ON "CORPORATIVO"."DP_PESSOA" TO "SIGA";
GRANT ON COMMIT REFRESH ON "CORPORATIVO"."DP_PESSOA" TO "SIGA";

GRANT QUERY REWRITE ON "CORPORATIVO"."DP_PESSOA" TO "SIGA";
GRANT DEBUG ON "CORPORATIVO"."DP_PESSOA" TO "SIGA";
GRANT FLASHBACK ON "CORPORATIVO"."DP_PESSOA" TO "SIGA";


--------------------------------------------------------
--  DDL for Table DP_PROVIMENTO
--------------------------------------------------------

  CREATE TABLE "CORPORATIVO"."DP_PROVIMENTO" 
   (	"ID_PROVIMENTO" NUMBER(3,0), 
	"DSC_PROVIMENTO" VARCHAR2(60)
   ) ;
 

   COMMENT ON TABLE "CORPORATIVO"."DP_PROVIMENTO"  IS 'Tabela que armazena as formas de provimento da pessoa.';
--------------------------------------------------------
--  DDL for Table DP_SUBSTITUICAO
--------------------------------------------------------

  CREATE TABLE "CORPORATIVO"."DP_SUBSTITUICAO" 
   (	"ID_SUBSTITUICAO" NUMBER(10,0), 
	"ID_TITULAR" NUMBER(10,0), 
	"ID_LOTA_TITULAR" NUMBER(10,0) DEFAULT NULL, 
	"ID_SUBSTITUTO" NUMBER(10,0), 
	"ID_LOTA_SUBSTITUTO" NUMBER(10,0) DEFAULT NULL, 
	"DT_INI_SUBST" DATE, 
	"DT_FIM_SUBST" DATE, 
	"DT_INI_REG" DATE, 
	"DT_FIM_REG" DATE, 
	"ID_REG_INI" NUMBER(10,0)
   ) ;
 
COMMENT ON COLUMN "CORPORATIVO"."DP_SUBSTITUICAO"."ID_SUBSTITUICAO" IS 'codigo sequencial gerado automaticamente pelo sistema.';
COMMENT ON COLUMN "CORPORATIVO"."DP_SUBSTITUICAO"."ID_TITULAR" IS 'chave estrangeira do titular, aponta para DP_PESSOA';
COMMENT ON COLUMN "CORPORATIVO"."DP_SUBSTITUICAO"."ID_LOTA_TITULAR" IS 'refere-se a lotação do titular, no momento da substituição';
COMMENT ON COLUMN "CORPORATIVO"."DP_SUBSTITUICAO"."ID_SUBSTITUTO" IS 'chave estrangeira do substituto, refere-se a tabela DP_PESSOA';
COMMENT ON COLUMN "CORPORATIVO"."DP_SUBSTITUICAO"."ID_LOTA_SUBSTITUTO" IS 'refere-se a lotação do substituto, no momento da substituição';
COMMENT ON COLUMN "CORPORATIVO"."DP_SUBSTITUICAO"."DT_INI_SUBST" IS 'data inicial da substituição';
COMMENT ON COLUMN "CORPORATIVO"."DP_SUBSTITUICAO"."DT_FIM_SUBST" IS 'data final da substituição. pode ser nula caso não haja previsão do fim da substituição.';
COMMENT ON COLUMN "CORPORATIVO"."DP_SUBSTITUICAO"."DT_INI_REG" IS 'Data de inicio do registro. Refere-se à data de inclusão do regsitro.';
COMMENT ON COLUMN "CORPORATIVO"."DP_SUBSTITUICAO"."DT_FIM_REG" IS 'Data de fim do registro. Refere-se à data que foi informada o fim da substituição.';
COMMENT ON COLUMN "CORPORATIVO"."DP_SUBSTITUICAO"."ID_REG_INI" IS 'Identifica o primeiro registro de substituição deste titular.';
COMMENT ON TABLE "CORPORATIVO"."DP_SUBSTITUICAO"  IS 'Tabela de cadastro de substituto. O próprio titular cadastra seus substitutos, desta forma não o sistema fica desvinculado dos processos burocráticos normais.';

   --------------------------------------------------------
--  DDL for Table PLAN_TABLE
--------------------------------------------------------

  CREATE TABLE "CORPORATIVO"."PLAN_TABLE" 
   (	"STATEMENT_ID" VARCHAR2(30), 
	"PLAN_ID" NUMBER, 
	"TIMESTAMP" DATE, 
	"REMARKS" VARCHAR2(4000), 
	"OPERATION" VARCHAR2(30), 
	"OPTIONS" VARCHAR2(255), 
	"OBJECT_NODE" VARCHAR2(128), 
	"OBJECT_OWNER" VARCHAR2(30), 
	"OBJECT_NAME" VARCHAR2(30), 
	"OBJECT_ALIAS" VARCHAR2(65), 
	"OBJECT_INSTANCE" NUMBER(*,0), 
	"OBJECT_TYPE" VARCHAR2(30), 
	"OPTIMIZER" VARCHAR2(255), 
	"SEARCH_COLUMNS" NUMBER, 
	"ID" NUMBER(*,0), 
	"PARENT_ID" NUMBER(*,0), 
	"DEPTH" NUMBER(*,0), 
	"POSITION" NUMBER(*,0), 
	"COST" NUMBER(*,0), 
	"CARDINALITY" NUMBER(*,0), 
	"BYTES" NUMBER(*,0), 
	"OTHER_TAG" VARCHAR2(255), 
	"PARTITION_START" VARCHAR2(255), 
	"PARTITION_STOP" VARCHAR2(255), 
	"PARTITION_ID" NUMBER(*,0), 
	"OTHER" LONG, 
	"DISTRIBUTION" VARCHAR2(30), 
	"CPU_COST" NUMBER(*,0), 
	"IO_COST" NUMBER(*,0), 
	"TEMP_SPACE" NUMBER(*,0), 
	"ACCESS_PREDICATES" VARCHAR2(4000), 
	"FILTER_PREDICATES" VARCHAR2(4000), 
	"PROJECTION" VARCHAR2(4000), 
	"TIME" NUMBER(*,0), 
	"QBLOCK_NAME" VARCHAR2(30)
   ) ;
   
--REM INSERTING into CORPORATIVO.CAD_SIT_FUNCIONAL
Insert into CORPORATIVO.CAD_SIT_FUNCIONAL (ID_CAD_SIT_FUNCIONAL,DSC_SIT_FUNCIONAL,ID_MUMPS) values (4,'APOSENTADO',5);
Insert into CORPORATIVO.CAD_SIT_FUNCIONAL (ID_CAD_SIT_FUNCIONAL,DSC_SIT_FUNCIONAL,ID_MUMPS) values (5,'EXONERADO',10);
Insert into CORPORATIVO.CAD_SIT_FUNCIONAL (ID_CAD_SIT_FUNCIONAL,DSC_SIT_FUNCIONAL,ID_MUMPS) values (6,'DEMITIDO',15);
Insert into CORPORATIVO.CAD_SIT_FUNCIONAL (ID_CAD_SIT_FUNCIONAL,DSC_SIT_FUNCIONAL,ID_MUMPS) values (7,'FALECIDO',20);
Insert into CORPORATIVO.CAD_SIT_FUNCIONAL (ID_CAD_SIT_FUNCIONAL,DSC_SIT_FUNCIONAL,ID_MUMPS) values (3,'POSSE EM CARGO INACUMULAVEL',25);
Insert into CORPORATIVO.CAD_SIT_FUNCIONAL (ID_CAD_SIT_FUNCIONAL,DSC_SIT_FUNCIONAL,ID_MUMPS) values (19,'POSSE ANULADA',30);
Insert into CORPORATIVO.CAD_SIT_FUNCIONAL (ID_CAD_SIT_FUNCIONAL,DSC_SIT_FUNCIONAL,ID_MUMPS) values (10,'TRANSFERIDO',35);
Insert into CORPORATIVO.CAD_SIT_FUNCIONAL (ID_CAD_SIT_FUNCIONAL,DSC_SIT_FUNCIONAL,ID_MUMPS) values (9,'RETORNO PARA ORGAO DE ORIGEM',40);
Insert into CORPORATIVO.CAD_SIT_FUNCIONAL (ID_CAD_SIT_FUNCIONAL,DSC_SIT_FUNCIONAL,ID_MUMPS) values (2,'CEDIDO',45);
Insert into CORPORATIVO.CAD_SIT_FUNCIONAL (ID_CAD_SIT_FUNCIONAL,DSC_SIT_FUNCIONAL,ID_MUMPS) values (16,'DISPONIBILIDADE',50);
Insert into CORPORATIVO.CAD_SIT_FUNCIONAL (ID_CAD_SIT_FUNCIONAL,DSC_SIT_FUNCIONAL,ID_MUMPS) values (20,'REDISTRIBUIDO',55);
Insert into CORPORATIVO.CAD_SIT_FUNCIONAL (ID_CAD_SIT_FUNCIONAL,DSC_SIT_FUNCIONAL,ID_MUMPS) values (21,'PROMOVIDO TRF',60);
Insert into CORPORATIVO.CAD_SIT_FUNCIONAL (ID_CAD_SIT_FUNCIONAL,DSC_SIT_FUNCIONAL,ID_MUMPS) values (11,'LICENCA PARA ACOMPANHAR CONJUGE SEM REMUNERACAO',65);
Insert into CORPORATIVO.CAD_SIT_FUNCIONAL (ID_CAD_SIT_FUNCIONAL,DSC_SIT_FUNCIONAL,ID_MUMPS) values (12,'LICENCA PARA ACOMPANHAR CONJUGE COM EXERCICIO PROVISORIO',70);
Insert into CORPORATIVO.CAD_SIT_FUNCIONAL (ID_CAD_SIT_FUNCIONAL,DSC_SIT_FUNCIONAL,ID_MUMPS) values (13,'LICENCA PARA MANDATO CLASSISTA',75);
Insert into CORPORATIVO.CAD_SIT_FUNCIONAL (ID_CAD_SIT_FUNCIONAL,DSC_SIT_FUNCIONAL,ID_MUMPS) values (14,'LICENCA PARA ASSUNTOS PARTICULARES',80);
Insert into CORPORATIVO.CAD_SIT_FUNCIONAL (ID_CAD_SIT_FUNCIONAL,DSC_SIT_FUNCIONAL,ID_MUMPS) values (23,'LICENCA PARA CURSO DE FORMACAO',85);
Insert into CORPORATIVO.CAD_SIT_FUNCIONAL (ID_CAD_SIT_FUNCIONAL,DSC_SIT_FUNCIONAL,ID_MUMPS) values (25,'LICENCA PARA ATIVIDADE POLITICA',90);
Insert into CORPORATIVO.CAD_SIT_FUNCIONAL (ID_CAD_SIT_FUNCIONAL,DSC_SIT_FUNCIONAL,ID_MUMPS) values (29,'LICENCA PARA CAPACITACAO',95);
Insert into CORPORATIVO.CAD_SIT_FUNCIONAL (ID_CAD_SIT_FUNCIONAL,DSC_SIT_FUNCIONAL,ID_MUMPS) values (18,'AFASTAMENTO POR DECISAO JUDICIAL',100);
Insert into CORPORATIVO.CAD_SIT_FUNCIONAL (ID_CAD_SIT_FUNCIONAL,DSC_SIT_FUNCIONAL,ID_MUMPS) values (26,'AFASTAMENTO PARA MANDATO ELETIVO',105);
Insert into CORPORATIVO.CAD_SIT_FUNCIONAL (ID_CAD_SIT_FUNCIONAL,DSC_SIT_FUNCIONAL,ID_MUMPS) values (30,'AFASTAMENTO PARA ESTUDO/MISSAO EXTERIOR',110);
Insert into CORPORATIVO.CAD_SIT_FUNCIONAL (ID_CAD_SIT_FUNCIONAL,DSC_SIT_FUNCIONAL,ID_MUMPS) values (17,'REMOVIDO',115);
Insert into CORPORATIVO.CAD_SIT_FUNCIONAL (ID_CAD_SIT_FUNCIONAL,DSC_SIT_FUNCIONAL,ID_MUMPS) values (31,'REMOVIDO - LEI 11.416/06',120);
Insert into CORPORATIVO.CAD_SIT_FUNCIONAL (ID_CAD_SIT_FUNCIONAL,DSC_SIT_FUNCIONAL,ID_MUMPS) values (15,'ESTAGIARIO DESLIGADO (SADES)',125);
Insert into CORPORATIVO.CAD_SIT_FUNCIONAL (ID_CAD_SIT_FUNCIONAL,DSC_SIT_FUNCIONAL,ID_MUMPS) values (1,'ATIVO',1);

--REM INSERTING into CORPORATIVO.CP_APLICACAO_FERIADO

--REM INSERTING into CORPORATIVO.CP_CONFIGURACAO
--------------------------------------------------------
--  Arquivo criado - Quinta-feira-Março-22-2012   
--------------------------------------------------------
--REM INSERTING into CORPORATIVO.CP_CONFIGURACAO
Insert into CORPORATIVO.CP_CONFIGURACAO (ID_CONFIGURACAO,DT_INI_VIG_CONFIGURACAO,DT_FIM_VIG_CONFIGURACAO,DT_INI_REG,ID_ORGAO_USU,ID_LOTACAO,ID_CARGO,ID_FUNCAO_CONFIANCA,ID_PESSOA,ID_SIT_CONFIGURACAO,ID_TP_CONFIGURACAO,ID_SERVICO,ID_GRUPO,NM_EMAIL,DESC_FORMULA,ID_TP_LOTACAO,ID_IDENTIDADE,HIS_IDC_INI,HIS_IDC_FIM) values (CP_CONFIGURACAO_SEQ.NEXTVAL,to_date('22/03/12','DD/MM/RR'),null,null,null,null,null,null,1,1,200,2,null,null,null,null,null,1,null);
Insert into CORPORATIVO.CP_CONFIGURACAO (ID_CONFIGURACAO,DT_INI_VIG_CONFIGURACAO,DT_FIM_VIG_CONFIGURACAO,DT_INI_REG,ID_ORGAO_USU,ID_LOTACAO,ID_CARGO,ID_FUNCAO_CONFIANCA,ID_PESSOA,ID_SIT_CONFIGURACAO,ID_TP_CONFIGURACAO,ID_SERVICO,ID_GRUPO,NM_EMAIL,DESC_FORMULA,ID_TP_LOTACAO,ID_IDENTIDADE,HIS_IDC_INI,HIS_IDC_FIM) values (CP_CONFIGURACAO_SEQ.NEXTVAL,to_date('22/03/12','DD/MM/RR'),null,null,null,null,null,null,1,1,200,65,null,null,null,null,null,1,null);
Insert into CORPORATIVO.CP_CONFIGURACAO (ID_CONFIGURACAO,DT_INI_VIG_CONFIGURACAO,DT_FIM_VIG_CONFIGURACAO,DT_INI_REG,ID_ORGAO_USU,ID_LOTACAO,ID_CARGO,ID_FUNCAO_CONFIANCA,ID_PESSOA,ID_SIT_CONFIGURACAO,ID_TP_CONFIGURACAO,ID_SERVICO,ID_GRUPO,NM_EMAIL,DESC_FORMULA,ID_TP_LOTACAO,ID_IDENTIDADE,HIS_IDC_INI,HIS_IDC_FIM) values (CP_CONFIGURACAO_SEQ.NEXTVAL,to_date('22/03/12','DD/MM/RR'),null,null,null,null,null,null,1,1,200,3,null,null,null,null,null,1,null);
Insert into CORPORATIVO.CP_CONFIGURACAO (ID_CONFIGURACAO,DT_INI_VIG_CONFIGURACAO,DT_FIM_VIG_CONFIGURACAO,DT_INI_REG,ID_ORGAO_USU,ID_LOTACAO,ID_CARGO,ID_FUNCAO_CONFIANCA,ID_PESSOA,ID_SIT_CONFIGURACAO,ID_TP_CONFIGURACAO,ID_SERVICO,ID_GRUPO,NM_EMAIL,DESC_FORMULA,ID_TP_LOTACAO,ID_IDENTIDADE,HIS_IDC_INI,HIS_IDC_FIM) values (CP_CONFIGURACAO_SEQ.NEXTVAL,to_date('22/03/12','DD/MM/RR'),null,null,null,null,null,null,1,1,200,42,null,null,null,null,null,1,null);
Insert into CORPORATIVO.CP_CONFIGURACAO (ID_CONFIGURACAO,DT_INI_VIG_CONFIGURACAO,DT_FIM_VIG_CONFIGURACAO,DT_INI_REG,ID_ORGAO_USU,ID_LOTACAO,ID_CARGO,ID_FUNCAO_CONFIANCA,ID_PESSOA,ID_SIT_CONFIGURACAO,ID_TP_CONFIGURACAO,ID_SERVICO,ID_GRUPO,NM_EMAIL,DESC_FORMULA,ID_TP_LOTACAO,ID_IDENTIDADE,HIS_IDC_INI,HIS_IDC_FIM) values (CP_CONFIGURACAO_SEQ.NEXTVAL,to_date('22/03/12','DD/MM/RR'),null,null,null,null,null,null,1,1,200,41,null,null,null,null,null,1,null);
Insert into CORPORATIVO.CP_CONFIGURACAO (ID_CONFIGURACAO,DT_INI_VIG_CONFIGURACAO,DT_FIM_VIG_CONFIGURACAO,DT_INI_REG,ID_ORGAO_USU,ID_LOTACAO,ID_CARGO,ID_FUNCAO_CONFIANCA,ID_PESSOA,ID_SIT_CONFIGURACAO,ID_TP_CONFIGURACAO,ID_SERVICO,ID_GRUPO,NM_EMAIL,DESC_FORMULA,ID_TP_LOTACAO,ID_IDENTIDADE,HIS_IDC_INI,HIS_IDC_FIM) values (CP_CONFIGURACAO_SEQ.NEXTVAL,to_date('22/03/12','DD/MM/RR'),null,null,null,null,null,null,1,1,200,24,null,null,null,null,null,1,null);
Insert into CORPORATIVO.CP_CONFIGURACAO (ID_CONFIGURACAO,DT_INI_VIG_CONFIGURACAO,DT_FIM_VIG_CONFIGURACAO,DT_INI_REG,ID_ORGAO_USU,ID_LOTACAO,ID_CARGO,ID_FUNCAO_CONFIANCA,ID_PESSOA,ID_SIT_CONFIGURACAO,ID_TP_CONFIGURACAO,ID_SERVICO,ID_GRUPO,NM_EMAIL,DESC_FORMULA,ID_TP_LOTACAO,ID_IDENTIDADE,HIS_IDC_INI,HIS_IDC_FIM) values (CP_CONFIGURACAO_SEQ.NEXTVAL,to_date('22/03/12','DD/MM/RR'),null,null,null,null,null,null,1,1,200,16,null,null,null,null,null,1,null);
Insert into CORPORATIVO.CP_CONFIGURACAO (ID_CONFIGURACAO,DT_INI_VIG_CONFIGURACAO,DT_FIM_VIG_CONFIGURACAO,DT_INI_REG,ID_ORGAO_USU,ID_LOTACAO,ID_CARGO,ID_FUNCAO_CONFIANCA,ID_PESSOA,ID_SIT_CONFIGURACAO,ID_TP_CONFIGURACAO,ID_SERVICO,ID_GRUPO,NM_EMAIL,DESC_FORMULA,ID_TP_LOTACAO,ID_IDENTIDADE,HIS_IDC_INI,HIS_IDC_FIM) values (CP_CONFIGURACAO_SEQ.NEXTVAL,to_date('22/03/12','DD/MM/RR'),null,null,null,null,null,null,1,1,200,284,null,null,null,null,null,1,null);
Insert into CORPORATIVO.CP_CONFIGURACAO (ID_CONFIGURACAO,DT_INI_VIG_CONFIGURACAO,DT_FIM_VIG_CONFIGURACAO,DT_INI_REG,ID_ORGAO_USU,ID_LOTACAO,ID_CARGO,ID_FUNCAO_CONFIANCA,ID_PESSOA,ID_SIT_CONFIGURACAO,ID_TP_CONFIGURACAO,ID_SERVICO,ID_GRUPO,NM_EMAIL,DESC_FORMULA,ID_TP_LOTACAO,ID_IDENTIDADE,HIS_IDC_INI,HIS_IDC_FIM) values (CP_CONFIGURACAO_SEQ.NEXTVAL,to_date('22/03/12','DD/MM/RR'),null,null,null,null,null,null,1,1,200,306,null,null,null,null,null,1,null);
Insert into CORPORATIVO.CP_CONFIGURACAO (ID_CONFIGURACAO,DT_INI_VIG_CONFIGURACAO,DT_FIM_VIG_CONFIGURACAO,DT_INI_REG,ID_ORGAO_USU,ID_LOTACAO,ID_CARGO,ID_FUNCAO_CONFIANCA,ID_PESSOA,ID_SIT_CONFIGURACAO,ID_TP_CONFIGURACAO,ID_SERVICO,ID_GRUPO,NM_EMAIL,DESC_FORMULA,ID_TP_LOTACAO,ID_IDENTIDADE,HIS_IDC_INI,HIS_IDC_FIM) values (CP_CONFIGURACAO_SEQ.NEXTVAL,to_date('20/03/12','DD/MM/RR'),null,null,null,null,null,null,1,1,200,15,null,null,null,null,null,1,null);
Insert into CORPORATIVO.CP_CONFIGURACAO (ID_CONFIGURACAO,DT_INI_VIG_CONFIGURACAO,DT_FIM_VIG_CONFIGURACAO,DT_INI_REG,ID_ORGAO_USU,ID_LOTACAO,ID_CARGO,ID_FUNCAO_CONFIANCA,ID_PESSOA,ID_SIT_CONFIGURACAO,ID_TP_CONFIGURACAO,ID_SERVICO,ID_GRUPO,NM_EMAIL,DESC_FORMULA,ID_TP_LOTACAO,ID_IDENTIDADE,HIS_IDC_INI,HIS_IDC_FIM) values (CP_CONFIGURACAO_SEQ.NEXTVAL,to_date('20/03/12','DD/MM/RR'),null,null,null,null,null,null,1,1,200,17,null,null,null,null,null,1,null);
Insert into CORPORATIVO.CP_CONFIGURACAO (ID_CONFIGURACAO,DT_INI_VIG_CONFIGURACAO,DT_FIM_VIG_CONFIGURACAO,DT_INI_REG,ID_ORGAO_USU,ID_LOTACAO,ID_CARGO,ID_FUNCAO_CONFIANCA,ID_PESSOA,ID_SIT_CONFIGURACAO,ID_TP_CONFIGURACAO,ID_SERVICO,ID_GRUPO,NM_EMAIL,DESC_FORMULA,ID_TP_LOTACAO,ID_IDENTIDADE,HIS_IDC_INI,HIS_IDC_FIM) values (CP_CONFIGURACAO_SEQ.NEXTVAL,to_date('20/03/12','DD/MM/RR'),null,null,null,null,null,null,1,1,200,18,null,null,null,null,null,1,null);
Insert into CORPORATIVO.CP_CONFIGURACAO (ID_CONFIGURACAO,DT_INI_VIG_CONFIGURACAO,DT_FIM_VIG_CONFIGURACAO,DT_INI_REG,ID_ORGAO_USU,ID_LOTACAO,ID_CARGO,ID_FUNCAO_CONFIANCA,ID_PESSOA,ID_SIT_CONFIGURACAO,ID_TP_CONFIGURACAO,ID_SERVICO,ID_GRUPO,NM_EMAIL,DESC_FORMULA,ID_TP_LOTACAO,ID_IDENTIDADE,HIS_IDC_INI,HIS_IDC_FIM) values (CP_CONFIGURACAO_SEQ.NEXTVAL,to_date('20/03/12','DD/MM/RR'),null,null,null,null,null,null,1,1,200,19,null,null,null,null,null,1,null);
Insert into CORPORATIVO.CP_CONFIGURACAO (ID_CONFIGURACAO,DT_INI_VIG_CONFIGURACAO,DT_FIM_VIG_CONFIGURACAO,DT_INI_REG,ID_ORGAO_USU,ID_LOTACAO,ID_CARGO,ID_FUNCAO_CONFIANCA,ID_PESSOA,ID_SIT_CONFIGURACAO,ID_TP_CONFIGURACAO,ID_SERVICO,ID_GRUPO,NM_EMAIL,DESC_FORMULA,ID_TP_LOTACAO,ID_IDENTIDADE,HIS_IDC_INI,HIS_IDC_FIM) values (CP_CONFIGURACAO_SEQ.NEXTVAL,to_date('20/03/12','DD/MM/RR'),null,null,null,null,null,null,1,1,200,20,null,null,null,null,null,1,null);
Insert into CORPORATIVO.CP_CONFIGURACAO (ID_CONFIGURACAO,DT_INI_VIG_CONFIGURACAO,DT_FIM_VIG_CONFIGURACAO,DT_INI_REG,ID_ORGAO_USU,ID_LOTACAO,ID_CARGO,ID_FUNCAO_CONFIANCA,ID_PESSOA,ID_SIT_CONFIGURACAO,ID_TP_CONFIGURACAO,ID_SERVICO,ID_GRUPO,NM_EMAIL,DESC_FORMULA,ID_TP_LOTACAO,ID_IDENTIDADE,HIS_IDC_INI,HIS_IDC_FIM) values (CP_CONFIGURACAO_SEQ.NEXTVAL,to_date('20/03/12','DD/MM/RR'),null,null,null,null,null,null,1,1,200,21,null,null,null,null,null,1,null);
Insert into CORPORATIVO.CP_CONFIGURACAO (ID_CONFIGURACAO,DT_INI_VIG_CONFIGURACAO,DT_FIM_VIG_CONFIGURACAO,DT_INI_REG,ID_ORGAO_USU,ID_LOTACAO,ID_CARGO,ID_FUNCAO_CONFIANCA,ID_PESSOA,ID_SIT_CONFIGURACAO,ID_TP_CONFIGURACAO,ID_SERVICO,ID_GRUPO,NM_EMAIL,DESC_FORMULA,ID_TP_LOTACAO,ID_IDENTIDADE,HIS_IDC_INI,HIS_IDC_FIM) values (CP_CONFIGURACAO_SEQ.NEXTVAL,to_date('20/03/12','DD/MM/RR'),null,null,null,null,null,null,1,1,200,22,null,null,null,null,null,1,null);
Insert into CORPORATIVO.CP_CONFIGURACAO (ID_CONFIGURACAO,DT_INI_VIG_CONFIGURACAO,DT_FIM_VIG_CONFIGURACAO,DT_INI_REG,ID_ORGAO_USU,ID_LOTACAO,ID_CARGO,ID_FUNCAO_CONFIANCA,ID_PESSOA,ID_SIT_CONFIGURACAO,ID_TP_CONFIGURACAO,ID_SERVICO,ID_GRUPO,NM_EMAIL,DESC_FORMULA,ID_TP_LOTACAO,ID_IDENTIDADE,HIS_IDC_INI,HIS_IDC_FIM) values (CP_CONFIGURACAO_SEQ.NEXTVAL,to_date('20/03/12','DD/MM/RR'),null,null,null,null,null,null,1,1,200,23,null,null,null,null,null,1,null);
Insert into CORPORATIVO.CP_CONFIGURACAO (ID_CONFIGURACAO,DT_INI_VIG_CONFIGURACAO,DT_FIM_VIG_CONFIGURACAO,DT_INI_REG,ID_ORGAO_USU,ID_LOTACAO,ID_CARGO,ID_FUNCAO_CONFIANCA,ID_PESSOA,ID_SIT_CONFIGURACAO,ID_TP_CONFIGURACAO,ID_SERVICO,ID_GRUPO,NM_EMAIL,DESC_FORMULA,ID_TP_LOTACAO,ID_IDENTIDADE,HIS_IDC_INI,HIS_IDC_FIM) values (CP_CONFIGURACAO_SEQ.NEXTVAL,to_date('22/03/12','DD/MM/RR'),null,null,null,null,null,null,1,1,200,1,null,null,null,null,null,1,null);
Insert into CORPORATIVO.CP_CONFIGURACAO (ID_CONFIGURACAO,DT_INI_VIG_CONFIGURACAO,DT_FIM_VIG_CONFIGURACAO,DT_INI_REG,ID_ORGAO_USU,ID_LOTACAO,ID_CARGO,ID_FUNCAO_CONFIANCA,ID_PESSOA,ID_SIT_CONFIGURACAO,ID_TP_CONFIGURACAO,ID_SERVICO,ID_GRUPO,NM_EMAIL,DESC_FORMULA,ID_TP_LOTACAO,ID_IDENTIDADE,HIS_IDC_INI,HIS_IDC_FIM) values (CP_CONFIGURACAO_SEQ.NEXTVAL,to_date('22/03/12','DD/MM/RR'),null,null,null,null,null,null,1,1,200,305,null,null,null,null,null,1,null);
Insert into CORPORATIVO.CP_CONFIGURACAO (ID_CONFIGURACAO,DT_INI_VIG_CONFIGURACAO,DT_FIM_VIG_CONFIGURACAO,DT_INI_REG,ID_ORGAO_USU,ID_LOTACAO,ID_CARGO,ID_FUNCAO_CONFIANCA,ID_PESSOA,ID_SIT_CONFIGURACAO,ID_TP_CONFIGURACAO,ID_SERVICO,ID_GRUPO,NM_EMAIL,DESC_FORMULA,ID_TP_LOTACAO,ID_IDENTIDADE,HIS_IDC_INI,HIS_IDC_FIM) values (CP_CONFIGURACAO_SEQ.NEXTVAL,to_date('22/03/12','DD/MM/RR'),null,null,null,null,null,null,1,1,200,304,null,null,null,null,null,1,null);
Insert into CORPORATIVO.CP_CONFIGURACAO (ID_CONFIGURACAO,DT_INI_VIG_CONFIGURACAO,DT_FIM_VIG_CONFIGURACAO,DT_INI_REG,ID_ORGAO_USU,ID_LOTACAO,ID_CARGO,ID_FUNCAO_CONFIANCA,ID_PESSOA,ID_SIT_CONFIGURACAO,ID_TP_CONFIGURACAO,ID_SERVICO,ID_GRUPO,NM_EMAIL,DESC_FORMULA,ID_TP_LOTACAO,ID_IDENTIDADE,HIS_IDC_INI,HIS_IDC_FIM) values (CP_CONFIGURACAO_SEQ.NEXTVAL,to_date('22/03/12','DD/MM/RR'),null,null,null,null,null,null,1,1,200,62,null,null,null,null,null,1,null);
Insert into CORPORATIVO.CP_CONFIGURACAO (ID_CONFIGURACAO,DT_INI_VIG_CONFIGURACAO,DT_FIM_VIG_CONFIGURACAO,DT_INI_REG,ID_ORGAO_USU,ID_LOTACAO,ID_CARGO,ID_FUNCAO_CONFIANCA,ID_PESSOA,ID_SIT_CONFIGURACAO,ID_TP_CONFIGURACAO,ID_SERVICO,ID_GRUPO,NM_EMAIL,DESC_FORMULA,ID_TP_LOTACAO,ID_IDENTIDADE,HIS_IDC_INI,HIS_IDC_FIM) values (CP_CONFIGURACAO_SEQ.NEXTVAL,to_date('22/03/12','DD/MM/RR'),null,null,null,null,null,null,1,1,200,64,null,null,null,null,null,1,null);
Insert into CORPORATIVO.CP_CONFIGURACAO (ID_CONFIGURACAO,DT_INI_VIG_CONFIGURACAO,DT_FIM_VIG_CONFIGURACAO,DT_INI_REG,ID_ORGAO_USU,ID_LOTACAO,ID_CARGO,ID_FUNCAO_CONFIANCA,ID_PESSOA,ID_SIT_CONFIGURACAO,ID_TP_CONFIGURACAO,ID_SERVICO,ID_GRUPO,NM_EMAIL,DESC_FORMULA,ID_TP_LOTACAO,ID_IDENTIDADE,HIS_IDC_INI,HIS_IDC_FIM) values (CP_CONFIGURACAO_SEQ.NEXTVAL,to_date('22/03/12','DD/MM/RR'),null,null,null,null,null,null,1,1,200,63,null,null,null,null,null,1,null);

--REM INSERTING into CORPORATIVO.CP_FERIADO

--REM INSERTING into CORPORATIVO.CP_GRUPO

--REM INSERTING into CORPORATIVO.CP_IDENTIDADE
Insert into CORPORATIVO.CP_IDENTIDADE (ID_IDENTIDADE,ID_TP_IDENTIDADE,ID_PESSOA,DATA_CRIACAO_IDENTIDADE,DATA_EXPIRACAO_IDENTIDADE,DATA_CANCELAMENTO_IDENTIDADE,ID_ORGAO_USU,LOGIN_IDENTIDADE,SENHA_IDENTIDADE,SENHA_IDENTIDADE_CRIPTO,SENHA_IDENTIDADE_CRIPTO_SINC,HIS_ID_INI,HIS_DT_INI,HIS_IDC_INI,HIS_DT_FIM,HIS_IDC_FIM,HIS_ATIVO) values (1,1,1,to_date('26/10/11','DD/MM/RR'),null,null,9999999999,'ZZ99999','2ac9cb7dc02b3c0083eb70898e549b63','I20BhBeI7KavVeWdbIa8+g==','I20BhBeI7KavVeWdbIa8+g==',1,to_date('26/10/11','DD/MM/RR'),1,null,null,1);

--REM INSERTING into CORPORATIVO.CP_LOCALIDADE
--REM INSERTING into CORPORATIVO.CP_MARCA

--REM INSERTING into CORPORATIVO.CP_MARCADOR
Insert into CORPORATIVO.CP_MARCADOR (ID_MARCADOR,DESCR_MARCADOR,ID_TP_MARCADOR) values (1,'Em Elaboração',1);
Insert into CORPORATIVO.CP_MARCADOR (ID_MARCADOR,DESCR_MARCADOR,ID_TP_MARCADOR) values (2,'Aguardando Andamento',1);
Insert into CORPORATIVO.CP_MARCADOR (ID_MARCADOR,DESCR_MARCADOR,ID_TP_MARCADOR) values (3,'A Receber (Físico)',1);
Insert into CORPORATIVO.CP_MARCADOR (ID_MARCADOR,DESCR_MARCADOR,ID_TP_MARCADOR) values (4,'Extraviado',1);
Insert into CORPORATIVO.CP_MARCADOR (ID_MARCADOR,DESCR_MARCADOR,ID_TP_MARCADOR) values (5,'A Arquivar',1);
Insert into CORPORATIVO.CP_MARCADOR (ID_MARCADOR,DESCR_MARCADOR,ID_TP_MARCADOR) values (6,'Arquivo Corrente',1);
Insert into CORPORATIVO.CP_MARCADOR (ID_MARCADOR,DESCR_MARCADOR,ID_TP_MARCADOR) values (7,'A Descartar',1);
Insert into CORPORATIVO.CP_MARCADOR (ID_MARCADOR,DESCR_MARCADOR,ID_TP_MARCADOR) values (8,'Descartado',1);
Insert into CORPORATIVO.CP_MARCADOR (ID_MARCADOR,DESCR_MARCADOR,ID_TP_MARCADOR) values (9,'Juntado',1);
Insert into CORPORATIVO.CP_MARCADOR (ID_MARCADOR,DESCR_MARCADOR,ID_TP_MARCADOR) values (10,'Cancelado',1);
Insert into CORPORATIVO.CP_MARCADOR (ID_MARCADOR,DESCR_MARCADOR,ID_TP_MARCADOR) values (11,'Transferido para Órgão Externo',1);
Insert into CORPORATIVO.CP_MARCADOR (ID_MARCADOR,DESCR_MARCADOR,ID_TP_MARCADOR) values (12,'Arquivo Intermediário',1);
Insert into CORPORATIVO.CP_MARCADOR (ID_MARCADOR,DESCR_MARCADOR,ID_TP_MARCADOR) values (13,'Arquivo Permanente',1);
Insert into CORPORATIVO.CP_MARCADOR (ID_MARCADOR,DESCR_MARCADOR,ID_TP_MARCADOR) values (14,'Caixa de Entrada (Digital)',1);
Insert into CORPORATIVO.CP_MARCADOR (ID_MARCADOR,DESCR_MARCADOR,ID_TP_MARCADOR) values (15,'Pendente de Assinatura',1);
Insert into CORPORATIVO.CP_MARCADOR (ID_MARCADOR,DESCR_MARCADOR,ID_TP_MARCADOR) values (16,'Juntado a Documento Externo',1);
Insert into CORPORATIVO.CP_MARCADOR (ID_MARCADOR,DESCR_MARCADOR,ID_TP_MARCADOR) values (18,'Remetido para Publicação',1);
Insert into CORPORATIVO.CP_MARCADOR (ID_MARCADOR,DESCR_MARCADOR,ID_TP_MARCADOR) values (20,'Publicado',1);
Insert into CORPORATIVO.CP_MARCADOR (ID_MARCADOR,DESCR_MARCADOR,ID_TP_MARCADOR) values (21,'Publicação solicitada',1);
Insert into CORPORATIVO.CP_MARCADOR (ID_MARCADOR,DESCR_MARCADOR,ID_TP_MARCADOR) values (22,'Disponibilizado',1);
Insert into CORPORATIVO.CP_MARCADOR (ID_MARCADOR,DESCR_MARCADOR,ID_TP_MARCADOR) values (23,'Transferido',1);
Insert into CORPORATIVO.CP_MARCADOR (ID_MARCADOR,DESCR_MARCADOR,ID_TP_MARCADOR) values (24,'Transferido (Digital)',1);
Insert into CORPORATIVO.CP_MARCADOR (ID_MARCADOR,DESCR_MARCADOR,ID_TP_MARCADOR) values (25,'Como Subscritor',1);
Insert into CORPORATIVO.CP_MARCADOR (ID_MARCADOR,DESCR_MARCADOR,ID_TP_MARCADOR) values (26,'Apensado',1);
Insert into CORPORATIVO.CP_MARCADOR (ID_MARCADOR,DESCR_MARCADOR,ID_TP_MARCADOR) values (27,'Como Gestor',1);
Insert into CORPORATIVO.CP_MARCADOR (ID_MARCADOR,DESCR_MARCADOR,ID_TP_MARCADOR) values (28,'Como Interessado',1);
Insert into CORPORATIVO.CP_MARCADOR (ID_MARCADOR,DESCR_MARCADOR,ID_TP_MARCADOR) values (29,'Despacho Pendente de Assinatura',1);

--REM INSERTING into CORPORATIVO.CP_OCORRENCIA_FERIADO

--REM INSERTING into CORPORATIVO.CP_ORGAO
Insert into CORPORATIVO.CP_ORGAO (ID_ORGAO,NM_ORGAO,CGC_ORGAO,RAZAO_SOCIAL_ORGAO,END_ORGAO,BAIRRO_ORGAO,MUNICIPIO_ORGAO,CEP_ORGAO,DSC_TIPO_ORGAO,NOME_RESPONSAVEL_ORGAO,EMAIL_RESPONSAVEL_ORGAO,NOME_CONTATO_ORGAO,EMAIL_CONTATO_ORGAO,TEL_CONTATO_ORGAO,SIGLA_ORGAO,UF_ORGAO,ID_ORGAO_USU,FG_ATIVO,HIS_ID_INI,HIS_IDE,HIS_DT_INI,HIS_DT_FIM,HIS_ATIVO) values (1,'PRESIDENCIA DA REPUBLICA',null,null,null,null,null,null,null,null,null,null,null,null,'Pres. Rep.',null,9999999999,'S',1,'1',to_date('03/08/11','DD/MM/RR'),null,1);

--REM INSERTING into CORPORATIVO.CP_ORGAO_USUARIO
Insert into CORPORATIVO.CP_ORGAO_USUARIO (ID_ORGAO_USU,NM_ORGAO_USU,CGC_ORGAO_USU,RAZAO_SOCIAL_ORGAO_USU,END_ORGAO_USU,BAIRRO_ORGAO_USU,MUNICIPIO_ORGAO_USU,CEP_ORGAO_USU,NM_RESP_ORGAO_USU,TEL_ORGAO_USU,SIGLA_ORGAO_USU,UF_ORGAO_USU,COD_ORGAO_USU,ACRONIMO_ORGAO_USU) values (9999999999,'ORGAO TESTE ZZ',null,null,null,null,'Rio de Janeiro',null,null,null,'ZZ',null,null,'OTZZ');
Insert into CORPORATIVO.CP_ORGAO_USUARIO (ID_ORGAO_USU,NM_ORGAO_USU,CGC_ORGAO_USU,RAZAO_SOCIAL_ORGAO_USU,END_ORGAO_USU,BAIRRO_ORGAO_USU,MUNICIPIO_ORGAO_USU,CEP_ORGAO_USU,NM_RESP_ORGAO_USU,TEL_ORGAO_USU,SIGLA_ORGAO_USU,UF_ORGAO_USU,COD_ORGAO_USU,ACRONIMO_ORGAO_USU) values (1,'Seção Judiciária do Rio de Janeiro',null,null,null,null,'Rio de Janeiro',null,null,null,'RJ','RJ',null,'SJRJ');
Insert into CORPORATIVO.CP_ORGAO_USUARIO (ID_ORGAO_USU,NM_ORGAO_USU,CGC_ORGAO_USU,RAZAO_SOCIAL_ORGAO_USU,END_ORGAO_USU,BAIRRO_ORGAO_USU,MUNICIPIO_ORGAO_USU,CEP_ORGAO_USU,NM_RESP_ORGAO_USU,TEL_ORGAO_USU,SIGLA_ORGAO_USU,UF_ORGAO_USU,COD_ORGAO_USU,ACRONIMO_ORGAO_USU) values (2,'Seção Judiciária do Espírito Santo',null,null,null,null,'Vitória - ES',null,null,null,'ES','ES',50,'SJES');
Insert into CORPORATIVO.CP_ORGAO_USUARIO (ID_ORGAO_USU,NM_ORGAO_USU,CGC_ORGAO_USU,RAZAO_SOCIAL_ORGAO_USU,END_ORGAO_USU,BAIRRO_ORGAO_USU,MUNICIPIO_ORGAO_USU,CEP_ORGAO_USU,NM_RESP_ORGAO_USU,TEL_ORGAO_USU,SIGLA_ORGAO_USU,UF_ORGAO_USU,COD_ORGAO_USU,ACRONIMO_ORGAO_USU) values (3,'Tribunal Regional Federal - 2ª Região',null,null,null,null,'Rio de Janeiro',null,null,null,'T2','RJ',null,'TRF2');
Insert into CORPORATIVO.CP_ORGAO_USUARIO (ID_ORGAO_USU,NM_ORGAO_USU,CGC_ORGAO_USU,RAZAO_SOCIAL_ORGAO_USU,END_ORGAO_USU,BAIRRO_ORGAO_USU,MUNICIPIO_ORGAO_USU,CEP_ORGAO_USU,NM_RESP_ORGAO_USU,TEL_ORGAO_USU,SIGLA_ORGAO_USU,UF_ORGAO_USU,COD_ORGAO_USU,ACRONIMO_ORGAO_USU) values (4,'Conselho da Justiça Federal',null,null,null,null,'Brasília',null,null,null,'CF','DF',null,'CJF');

--REM INSERTING into CORPORATIVO.CP_PAPEL

--REM INSERTING into CORPORATIVO.CP_PERSONALIZACAO

--REM INSERTING into CORPORATIVO.CP_SEDE

--REM INSERTING into CORPORATIVO.CP_SERVICO
Insert into CORPORATIVO.CP_SERVICO (ID_SERVICO,SIGLA_SERVICO,DESC_SERVICO,ID_SERVICO_PAI,ID_TP_SERVICO) values (63,'SIGA-FE-MODVER','Visualizar modelos',62,2);
Insert into CORPORATIVO.CP_SERVICO (ID_SERVICO,SIGLA_SERVICO,DESC_SERVICO,ID_SERVICO_PAI,ID_TP_SERVICO) values (64,'SIGA-FE-MODEDITAR','Editar modelos',62,2);
Insert into CORPORATIVO.CP_SERVICO (ID_SERVICO,SIGLA_SERVICO,DESC_SERVICO,ID_SERVICO_PAI,ID_TP_SERVICO) values (195,'SIGA-AQ-ACESSO','Carga',82,2);
Insert into CORPORATIVO.CP_SERVICO (ID_SERVICO,SIGLA_SERVICO,DESC_SERVICO,ID_SERVICO_PAI,ID_TP_SERVICO) values (196,'SIGA-AQ-ACESSO-MENU','Acesso',195,2);
Insert into CORPORATIVO.CP_SERVICO (ID_SERVICO,SIGLA_SERVICO,DESC_SERVICO,ID_SERVICO_PAI,ID_TP_SERVICO) values (206,'SIGA-AQ-SERVTD-PSQ','Pesquisa',204,2);
Insert into CORPORATIVO.CP_SERVICO (ID_SERVICO,SIGLA_SERVICO,DESC_SERVICO,ID_SERVICO_PAI,ID_TP_SERVICO) values (207,'SIGA-AQ-SERVTD-VISU','Visualizar',204,2);
Insert into CORPORATIVO.CP_SERVICO (ID_SERVICO,SIGLA_SERVICO,DESC_SERVICO,ID_SERVICO_PAI,ID_TP_SERVICO) values (244,'SIGA-AQ-FOLHA-FCH','Fechar',112,2);
Insert into CORPORATIVO.CP_SERVICO (ID_SERVICO,SIGLA_SERVICO,DESC_SERVICO,ID_SERVICO_PAI,ID_TP_SERVICO) values (304,'SIGA-DOC-REL-FORMS','Relação de formulários',284,2);
Insert into CORPORATIVO.CP_SERVICO (ID_SERVICO,SIGLA_SERVICO,DESC_SERVICO,ID_SERVICO_PAI,ID_TP_SERVICO) values (305,'SIGA-DOC-REL-DATAS','Relação de documentos entre datas',284,2);
Insert into CORPORATIVO.CP_SERVICO (ID_SERVICO,SIGLA_SERVICO,DESC_SERVICO,ID_SERVICO_PAI,ID_TP_SERVICO) values (306,'SIGA-DOC-REL-SUBORD','Relatório de documentos em setores subordinados',284,2);
Insert into CORPORATIVO.CP_SERVICO (ID_SERVICO,SIGLA_SERVICO,DESC_SERVICO,ID_SERVICO_PAI,ID_TP_SERVICO) values (9,'FS-PUB','Acesso ao Diretório Público',5,1);
Insert into CORPORATIVO.CP_SERVICO (ID_SERVICO,SIGLA_SERVICO,DESC_SERVICO,ID_SERVICO_PAI,ID_TP_SERVICO) values (10,'FS-RAIZ','Acesso ao Diretório Raiz da Unidade',5,1);
Insert into CORPORATIVO.CP_SERVICO (ID_SERVICO,SIGLA_SERVICO,DESC_SERVICO,ID_SERVICO_PAI,ID_TP_SERVICO) values (204,'SIGA-AQ-SERVTD','Consulta',82,2);
Insert into CORPORATIVO.CP_SERVICO (ID_SERVICO,SIGLA_SERVICO,DESC_SERVICO,ID_SERVICO_PAI,ID_TP_SERVICO) values (205,'SIGA-AQ-SERVTD-MENU','Acesso',204,2);
Insert into CORPORATIVO.CP_SERVICO (ID_SERVICO,SIGLA_SERVICO,DESC_SERVICO,ID_SERVICO_PAI,ID_TP_SERVICO) values (208,'SIGA-AQ-CARGA-PROC','Processar',133,2);
Insert into CORPORATIVO.CP_SERVICO (ID_SERVICO,SIGLA_SERVICO,DESC_SERVICO,ID_SERVICO_PAI,ID_TP_SERVICO) values (144,'SIGA-AQ-LOTE-PESQ','Pesquisa',106,2);
Insert into CORPORATIVO.CP_SERVICO (ID_SERVICO,SIGLA_SERVICO,DESC_SERVICO,ID_SERVICO_PAI,ID_TP_SERVICO) values (224,'SIGA-AQ-FOLHA-PROC','Processar',112,2);
Insert into CORPORATIVO.CP_SERVICO (ID_SERVICO,SIGLA_SERVICO,DESC_SERVICO,ID_SERVICO_PAI,ID_TP_SERVICO) values (264,'SIGA-AQ-MENUBAR','Acesso',82,2);
Insert into CORPORATIVO.CP_SERVICO (ID_SERVICO,SIGLA_SERVICO,DESC_SERVICO,ID_SERVICO_PAI,ID_TP_SERVICO) values (265,'SIGA-AQ-MENUBAR-Tab','Tabelas',264,2);
Insert into CORPORATIVO.CP_SERVICO (ID_SERVICO,SIGLA_SERVICO,DESC_SERVICO,ID_SERVICO_PAI,ID_TP_SERVICO) values (266,'SIGA-AQ-MENUBAR-Crs','Cursos',264,2);
Insert into CORPORATIVO.CP_SERVICO (ID_SERVICO,SIGLA_SERVICO,DESC_SERVICO,ID_SERVICO_PAI,ID_TP_SERVICO) values (267,'SIGA-AQ-MENUBAR-Lt','Lotes',264,2);
Insert into CORPORATIVO.CP_SERVICO (ID_SERVICO,SIGLA_SERVICO,DESC_SERVICO,ID_SERVICO_PAI,ID_TP_SERVICO) values (268,'SIGA-AQ-MENUBAR-Rel','Relatorio',264,2);
Insert into CORPORATIVO.CP_SERVICO (ID_SERVICO,SIGLA_SERVICO,DESC_SERVICO,ID_SERVICO_PAI,ID_TP_SERVICO) values (269,'SIGA-AQ-MENUBAR-Cst','Consulta',264,2);
Insert into CORPORATIVO.CP_SERVICO (ID_SERVICO,SIGLA_SERVICO,DESC_SERVICO,ID_SERVICO_PAI,ID_TP_SERVICO) values (270,'SIGA-AQ-MENUBAR-Cg','Carga',264,2);
Insert into CORPORATIVO.CP_SERVICO (ID_SERVICO,SIGLA_SERVICO,DESC_SERVICO,ID_SERVICO_PAI,ID_TP_SERVICO) values (271,'SIGA-AQ-USU','Permissão de usuário comum',82,2);
Insert into CORPORATIVO.CP_SERVICO (ID_SERVICO,SIGLA_SERVICO,DESC_SERVICO,ID_SERVICO_PAI,ID_TP_SERVICO) values (15,'SIGA-GI','Módulo de Gestão de Identidade',1,2);
Insert into CORPORATIVO.CP_SERVICO (ID_SERVICO,SIGLA_SERVICO,DESC_SERVICO,ID_SERVICO_PAI,ID_TP_SERVICO) values (17,'SIGA-GI-PERMISSAO','Gerenciar permissões',15,2);
Insert into CORPORATIVO.CP_SERVICO (ID_SERVICO,SIGLA_SERVICO,DESC_SERVICO,ID_SERVICO_PAI,ID_TP_SERVICO) values (24,'SIGA-WF-DESIGNAR','Designar tarefas',3,2);
Insert into CORPORATIVO.CP_SERVICO (ID_SERVICO,SIGLA_SERVICO,DESC_SERVICO,ID_SERVICO_PAI,ID_TP_SERVICO) values (16,'SIGA-WF-OPERAR','Executar comandos da tela inicial',3,2);
Insert into CORPORATIVO.CP_SERVICO (ID_SERVICO,SIGLA_SERVICO,DESC_SERVICO,ID_SERVICO_PAI,ID_TP_SERVICO) values (41,'SIGA-WF-MEDIR','Analisar métricas',3,2);
Insert into CORPORATIVO.CP_SERVICO (ID_SERVICO,SIGLA_SERVICO,DESC_SERVICO,ID_SERVICO_PAI,ID_TP_SERVICO) values (1,'SIGA','Sistema Integrado de Gestão Administrativa',null,2);
Insert into CORPORATIVO.CP_SERVICO (ID_SERVICO,SIGLA_SERVICO,DESC_SERVICO,ID_SERVICO_PAI,ID_TP_SERVICO) values (2,'SIGA-DOC','Módulo de Documentos',1,2);
Insert into CORPORATIVO.CP_SERVICO (ID_SERVICO,SIGLA_SERVICO,DESC_SERVICO,ID_SERVICO_PAI,ID_TP_SERVICO) values (3,'SIGA-WF','Módulo de Workflow',1,2);
Insert into CORPORATIVO.CP_SERVICO (ID_SERVICO,SIGLA_SERVICO,DESC_SERVICO,ID_SERVICO_PAI,ID_TP_SERVICO) values (4,'SIGA-SR','Módulo de Serviços',1,2);
Insert into CORPORATIVO.CP_SERVICO (ID_SERVICO,SIGLA_SERVICO,DESC_SERVICO,ID_SERVICO_PAI,ID_TP_SERVICO) values (5,'FS','Acesso aos Diretórios do Sistema de Arquivos',null,1);
Insert into CORPORATIVO.CP_SERVICO (ID_SERVICO,SIGLA_SERVICO,DESC_SERVICO,ID_SERVICO_PAI,ID_TP_SERVICO) values (6,'FS_SEC','Acesso ao Diretório da Secretaria',5,1);
Insert into CORPORATIVO.CP_SERVICO (ID_SERVICO,SIGLA_SERVICO,DESC_SERVICO,ID_SERVICO_PAI,ID_TP_SERVICO) values (7,'FS_GAB','Acesso ao Diretório do Gabinete',5,1);
Insert into CORPORATIVO.CP_SERVICO (ID_SERVICO,SIGLA_SERVICO,DESC_SERVICO,ID_SERVICO_PAI,ID_TP_SERVICO) values (8,'FS_JUIZ','Acesso ao Diretório do Juiz',5,1);
Insert into CORPORATIVO.CP_SERVICO (ID_SERVICO,SIGLA_SERVICO,DESC_SERVICO,ID_SERVICO_PAI,ID_TP_SERVICO) values (18,'SIGA-GI-ID','Gerenciar identidades',15,2);
Insert into CORPORATIVO.CP_SERVICO (ID_SERVICO,SIGLA_SERVICO,DESC_SERVICO,ID_SERVICO_PAI,ID_TP_SERVICO) values (19,'SIGA-GI-PERFIL','Gerenciar perfis de acesso',15,2);
Insert into CORPORATIVO.CP_SERVICO (ID_SERVICO,SIGLA_SERVICO,DESC_SERVICO,ID_SERVICO_PAI,ID_TP_SERVICO) values (20,'SIGA-GI-PERFILJEE','Gerenciar perfis do JEE',15,2);
Insert into CORPORATIVO.CP_SERVICO (ID_SERVICO,SIGLA_SERVICO,DESC_SERVICO,ID_SERVICO_PAI,ID_TP_SERVICO) values (21,'SIGA-GI-GEMAIL','Gerenciar grupos de email',15,2);
Insert into CORPORATIVO.CP_SERVICO (ID_SERVICO,SIGLA_SERVICO,DESC_SERVICO,ID_SERVICO_PAI,ID_TP_SERVICO) values (22,'SIGA-GI-SELFSERVICE','Gerenciar serviços da própria lotação',15,2);
Insert into CORPORATIVO.CP_SERVICO (ID_SERVICO,SIGLA_SERVICO,DESC_SERVICO,ID_SERVICO_PAI,ID_TP_SERVICO) values (23,'SIGA-GI-REL','Gerar relatórios',15,2);
Insert into CORPORATIVO.CP_SERVICO (ID_SERVICO,SIGLA_SERVICO,DESC_SERVICO,ID_SERVICO_PAI,ID_TP_SERVICO) values (62,'SIGA-FE','Ferramentas',1,2);
Insert into CORPORATIVO.CP_SERVICO (ID_SERVICO,SIGLA_SERVICO,DESC_SERVICO,ID_SERVICO_PAI,ID_TP_SERVICO) values (65,'SIGA-DOC-MOD','Gerenciar modelos',2,2);
Insert into CORPORATIVO.CP_SERVICO (ID_SERVICO,SIGLA_SERVICO,DESC_SERVICO,ID_SERVICO_PAI,ID_TP_SERVICO) values (145,'SIGA-AQ-CSLOTE','Consulta',82,2);
Insert into CORPORATIVO.CP_SERVICO (ID_SERVICO,SIGLA_SERVICO,DESC_SERVICO,ID_SERVICO_PAI,ID_TP_SERVICO) values (146,'SIGA-AQ-CSLOTE-MENU','Acesso',145,2);
Insert into CORPORATIVO.CP_SERVICO (ID_SERVICO,SIGLA_SERVICO,DESC_SERVICO,ID_SERVICO_PAI,ID_TP_SERVICO) values (147,'SIGA-AQ-SERV-PSQ','Pesquisa',104,2);
Insert into CORPORATIVO.CP_SERVICO (ID_SERVICO,SIGLA_SERVICO,DESC_SERVICO,ID_SERVICO_PAI,ID_TP_SERVICO) values (148,'SIGA-AQ-CURSO-CST','Consulta',83,2);
Insert into CORPORATIVO.CP_SERVICO (ID_SERVICO,SIGLA_SERVICO,DESC_SERVICO,ID_SERVICO_PAI,ID_TP_SERVICO) values (149,'SIGA-AQ-CURSO-EXC','Excluir',83,2);
Insert into CORPORATIVO.CP_SERVICO (ID_SERVICO,SIGLA_SERVICO,DESC_SERVICO,ID_SERVICO_PAI,ID_TP_SERVICO) values (150,'SIGA-AQ-CURSO-ALT','Alterar',83,2);
Insert into CORPORATIVO.CP_SERVICO (ID_SERVICO,SIGLA_SERVICO,DESC_SERVICO,ID_SERVICO_PAI,ID_TP_SERVICO) values (151,'SIGA-AQ-CURSO-INC','Incluir',83,2);
Insert into CORPORATIVO.CP_SERVICO (ID_SERVICO,SIGLA_SERVICO,DESC_SERVICO,ID_SERVICO_PAI,ID_TP_SERVICO) values (152,'SIGA-AQ-CURSO-PSQ','Pesquisa',83,2);
Insert into CORPORATIVO.CP_SERVICO (ID_SERVICO,SIGLA_SERVICO,DESC_SERVICO,ID_SERVICO_PAI,ID_TP_SERVICO) values (153,'SIGA-AQ-INST','Instituição',82,2);
Insert into CORPORATIVO.CP_SERVICO (ID_SERVICO,SIGLA_SERVICO,DESC_SERVICO,ID_SERVICO_PAI,ID_TP_SERVICO) values (154,'SIGA-AQ-INST-CST','Consulta',153,2);
Insert into CORPORATIVO.CP_SERVICO (ID_SERVICO,SIGLA_SERVICO,DESC_SERVICO,ID_SERVICO_PAI,ID_TP_SERVICO) values (155,'SIGA-AQ-INST-EXC','Excluir',153,2);
Insert into CORPORATIVO.CP_SERVICO (ID_SERVICO,SIGLA_SERVICO,DESC_SERVICO,ID_SERVICO_PAI,ID_TP_SERVICO) values (156,'SIGA-AQ-INST-GRV','Gravar',153,2);
Insert into CORPORATIVO.CP_SERVICO (ID_SERVICO,SIGLA_SERVICO,DESC_SERVICO,ID_SERVICO_PAI,ID_TP_SERVICO) values (157,'SIGA-AQ-INST-ALT','Alterar',153,2);
Insert into CORPORATIVO.CP_SERVICO (ID_SERVICO,SIGLA_SERVICO,DESC_SERVICO,ID_SERVICO_PAI,ID_TP_SERVICO) values (158,'SIGA-AQ-INST-INC','Incluir',153,2);
Insert into CORPORATIVO.CP_SERVICO (ID_SERVICO,SIGLA_SERVICO,DESC_SERVICO,ID_SERVICO_PAI,ID_TP_SERVICO) values (159,'SIGA-AQ-INST-MENU','Acesso',153,2);
Insert into CORPORATIVO.CP_SERVICO (ID_SERVICO,SIGLA_SERVICO,DESC_SERVICO,ID_SERVICO_PAI,ID_TP_SERVICO) values (160,'SIGA-AQ-INST-PSQ','Pesquisa',153,2);
Insert into CORPORATIVO.CP_SERVICO (ID_SERVICO,SIGLA_SERVICO,DESC_SERVICO,ID_SERVICO_PAI,ID_TP_SERVICO) values (161,'SIGA-AQ-SERV-CST','Consulta',104,2);
Insert into CORPORATIVO.CP_SERVICO (ID_SERVICO,SIGLA_SERVICO,DESC_SERVICO,ID_SERVICO_PAI,ID_TP_SERVICO) values (162,'SIGA-AQ-SERV-EXC','Excluir',104,2);
Insert into CORPORATIVO.CP_SERVICO (ID_SERVICO,SIGLA_SERVICO,DESC_SERVICO,ID_SERVICO_PAI,ID_TP_SERVICO) values (163,'SIGA-AQ-SERV-GRV','Gravar',104,2);
Insert into CORPORATIVO.CP_SERVICO (ID_SERVICO,SIGLA_SERVICO,DESC_SERVICO,ID_SERVICO_PAI,ID_TP_SERVICO) values (164,'SIGA-AQ-SERV-ALT','Alterar',104,2);
Insert into CORPORATIVO.CP_SERVICO (ID_SERVICO,SIGLA_SERVICO,DESC_SERVICO,ID_SERVICO_PAI,ID_TP_SERVICO) values (165,'SIGA-AQ-SERV-INC','Incluir',104,2);
Insert into CORPORATIVO.CP_SERVICO (ID_SERVICO,SIGLA_SERVICO,DESC_SERVICO,ID_SERVICO_PAI,ID_TP_SERVICO) values (166,'SIGA-AQ-FOLHA-CST','Consulta',112,2);
Insert into CORPORATIVO.CP_SERVICO (ID_SERVICO,SIGLA_SERVICO,DESC_SERVICO,ID_SERVICO_PAI,ID_TP_SERVICO) values (167,'SIGA-AQ-FOLHA-EXC','Excluir',112,2);
Insert into CORPORATIVO.CP_SERVICO (ID_SERVICO,SIGLA_SERVICO,DESC_SERVICO,ID_SERVICO_PAI,ID_TP_SERVICO) values (168,'SIGA-AQ-FOLHA-GRV','Gravar',112,2);
Insert into CORPORATIVO.CP_SERVICO (ID_SERVICO,SIGLA_SERVICO,DESC_SERVICO,ID_SERVICO_PAI,ID_TP_SERVICO) values (169,'SIGA-AQ-FOLHA-ALT','Alterar',112,2);
Insert into CORPORATIVO.CP_SERVICO (ID_SERVICO,SIGLA_SERVICO,DESC_SERVICO,ID_SERVICO_PAI,ID_TP_SERVICO) values (170,'SIGA-AQ-FOLHA-INC','Incluir',112,2);
Insert into CORPORATIVO.CP_SERVICO (ID_SERVICO,SIGLA_SERVICO,DESC_SERVICO,ID_SERVICO_PAI,ID_TP_SERVICO) values (171,'SIGA-AQ-FOLHA-PSQ','Pesquisa',112,2);
Insert into CORPORATIVO.CP_SERVICO (ID_SERVICO,SIGLA_SERVICO,DESC_SERVICO,ID_SERVICO_PAI,ID_TP_SERVICO) values (172,'SIGA-AQ-LOTE-PROC','Processar',106,2);
Insert into CORPORATIVO.CP_SERVICO (ID_SERVICO,SIGLA_SERVICO,DESC_SERVICO,ID_SERVICO_PAI,ID_TP_SERVICO) values (173,'SIGA-AQ-LOTE-IMPR','Imprimir',106,2);
Insert into CORPORATIVO.CP_SERVICO (ID_SERVICO,SIGLA_SERVICO,DESC_SERVICO,ID_SERVICO_PAI,ID_TP_SERVICO) values (174,'SIGA-AQ-ATRIB-PROC','Processar',108,2);
Insert into CORPORATIVO.CP_SERVICO (ID_SERVICO,SIGLA_SERVICO,DESC_SERVICO,ID_SERVICO_PAI,ID_TP_SERVICO) values (175,'SIGA-AQ-DUP-PSQ','Pesquisa',110,2);
Insert into CORPORATIVO.CP_SERVICO (ID_SERVICO,SIGLA_SERVICO,DESC_SERVICO,ID_SERVICO_PAI,ID_TP_SERVICO) values (176,'SIGA-AQ-DUP-ALT','Alterar',110,2);
Insert into CORPORATIVO.CP_SERVICO (ID_SERVICO,SIGLA_SERVICO,DESC_SERVICO,ID_SERVICO_PAI,ID_TP_SERVICO) values (177,'SIGA-AQ-CSLOTE-PSQ','Pesquisa',145,2);
Insert into CORPORATIVO.CP_SERVICO (ID_SERVICO,SIGLA_SERVICO,DESC_SERVICO,ID_SERVICO_PAI,ID_TP_SERVICO) values (178,'SIGA-AQ-RELDUP','Relatorio',82,2);
Insert into CORPORATIVO.CP_SERVICO (ID_SERVICO,SIGLA_SERVICO,DESC_SERVICO,ID_SERVICO_PAI,ID_TP_SERVICO) values (179,'SIGA-AQ-RELDUP-MENU','Acesso',178,2);
Insert into CORPORATIVO.CP_SERVICO (ID_SERVICO,SIGLA_SERVICO,DESC_SERVICO,ID_SERVICO_PAI,ID_TP_SERVICO) values (180,'SIGA-AQ-RELDUP-IMPR','Imprimir',178,2);
Insert into CORPORATIVO.CP_SERVICO (ID_SERVICO,SIGLA_SERVICO,DESC_SERVICO,ID_SERVICO_PAI,ID_TP_SERVICO) values (181,'SIGA-AQ-RELRES','Pagamento',82,2);
Insert into CORPORATIVO.CP_SERVICO (ID_SERVICO,SIGLA_SERVICO,DESC_SERVICO,ID_SERVICO_PAI,ID_TP_SERVICO) values (182,'SIGA-AQ-RELRES-MENU','Acesso',181,2);
Insert into CORPORATIVO.CP_SERVICO (ID_SERVICO,SIGLA_SERVICO,DESC_SERVICO,ID_SERVICO_PAI,ID_TP_SERVICO) values (183,'SIGA-AQ-RELRES-IMPR','Imprimir',181,2);
Insert into CORPORATIVO.CP_SERVICO (ID_SERVICO,SIGLA_SERVICO,DESC_SERVICO,ID_SERVICO_PAI,ID_TP_SERVICO) values (184,'SIGA-AQ-RELPAG','Detalhado',82,2);
Insert into CORPORATIVO.CP_SERVICO (ID_SERVICO,SIGLA_SERVICO,DESC_SERVICO,ID_SERVICO_PAI,ID_TP_SERVICO) values (185,'SIGA-AQ-RELPAG-MENU','Acesso',184,2);
Insert into CORPORATIVO.CP_SERVICO (ID_SERVICO,SIGLA_SERVICO,DESC_SERVICO,ID_SERVICO_PAI,ID_TP_SERVICO) values (186,'SIGA-AQ-RELPAG-IMPR','Imprimir',184,2);
Insert into CORPORATIVO.CP_SERVICO (ID_SERVICO,SIGLA_SERVICO,DESC_SERVICO,ID_SERVICO_PAI,ID_TP_SERVICO) values (187,'SIGA-AQ-SERVNV','Consulta',82,2);
Insert into CORPORATIVO.CP_SERVICO (ID_SERVICO,SIGLA_SERVICO,DESC_SERVICO,ID_SERVICO_PAI,ID_TP_SERVICO) values (188,'SIGA-AQ-SERVNV-MENU','Acesso',187,2);
Insert into CORPORATIVO.CP_SERVICO (ID_SERVICO,SIGLA_SERVICO,DESC_SERVICO,ID_SERVICO_PAI,ID_TP_SERVICO) values (189,'SIGA-AQ-SERVNV-PSQ','Pesquisa',187,2);
Insert into CORPORATIVO.CP_SERVICO (ID_SERVICO,SIGLA_SERVICO,DESC_SERVICO,ID_SERVICO_PAI,ID_TP_SERVICO) values (190,'SIGA-AQ-SERVNV-VISU','Visualizar',187,2);
Insert into CORPORATIVO.CP_SERVICO (ID_SERVICO,SIGLA_SERVICO,DESC_SERVICO,ID_SERVICO_PAI,ID_TP_SERVICO) values (191,'SIGA-AQ-SERVAN','Consulta',82,2);
Insert into CORPORATIVO.CP_SERVICO (ID_SERVICO,SIGLA_SERVICO,DESC_SERVICO,ID_SERVICO_PAI,ID_TP_SERVICO) values (192,'SIGA-AQ-SERVAN-MENU','Acesso',191,2);
Insert into CORPORATIVO.CP_SERVICO (ID_SERVICO,SIGLA_SERVICO,DESC_SERVICO,ID_SERVICO_PAI,ID_TP_SERVICO) values (193,'SIGA-AQ-SERVAN-PSQ','Pesquisa',191,2);
Insert into CORPORATIVO.CP_SERVICO (ID_SERVICO,SIGLA_SERVICO,DESC_SERVICO,ID_SERVICO_PAI,ID_TP_SERVICO) values (194,'SIGA-AQ-SERVAN-VISU','Visualizar',191,2);
Insert into CORPORATIVO.CP_SERVICO (ID_SERVICO,SIGLA_SERVICO,DESC_SERVICO,ID_SERVICO_PAI,ID_TP_SERVICO) values (245,'SIGA-AQ-FOLHA-ARQ','Arquivo',112,2);
Insert into CORPORATIVO.CP_SERVICO (ID_SERVICO,SIGLA_SERVICO,DESC_SERVICO,ID_SERVICO_PAI,ID_TP_SERVICO) values (284,'SIGA-DOC-REL','Gerar relatórios',2,2);
Insert into CORPORATIVO.CP_SERVICO (ID_SERVICO,SIGLA_SERVICO,DESC_SERVICO,ID_SERVICO_PAI,ID_TP_SERVICO) values (42,'SIGA-WF-CONFIGURAR','Configurar iniciadores',3,2);
Insert into CORPORATIVO.CP_SERVICO (ID_SERVICO,SIGLA_SERVICO,DESC_SERVICO,ID_SERVICO_PAI,ID_TP_SERVICO) values (82,'SIGA-AQ','Módulo de Adicional de Qualificação',1,2);
Insert into CORPORATIVO.CP_SERVICO (ID_SERVICO,SIGLA_SERVICO,DESC_SERVICO,ID_SERVICO_PAI,ID_TP_SERVICO) values (83,'SIGA-AQ-CURSO','Curso',82,2);
Insert into CORPORATIVO.CP_SERVICO (ID_SERVICO,SIGLA_SERVICO,DESC_SERVICO,ID_SERVICO_PAI,ID_TP_SERVICO) values (84,'SIGA-AQ-CURSO-Menu','Acesso',83,2);
Insert into CORPORATIVO.CP_SERVICO (ID_SERVICO,SIGLA_SERVICO,DESC_SERVICO,ID_SERVICO_PAI,ID_TP_SERVICO) values (102,'SIGA-AQ-INSTIT','Instituição',82,2);
Insert into CORPORATIVO.CP_SERVICO (ID_SERVICO,SIGLA_SERVICO,DESC_SERVICO,ID_SERVICO_PAI,ID_TP_SERVICO) values (103,'SIGA-AQ-INSTIT-MENU','Acesso',102,2);
Insert into CORPORATIVO.CP_SERVICO (ID_SERVICO,SIGLA_SERVICO,DESC_SERVICO,ID_SERVICO_PAI,ID_TP_SERVICO) values (104,'SIGA-AQ-SERV','Curso',82,2);
Insert into CORPORATIVO.CP_SERVICO (ID_SERVICO,SIGLA_SERVICO,DESC_SERVICO,ID_SERVICO_PAI,ID_TP_SERVICO) values (105,'SIGA-AQ-SERV-MENU','Acesso',104,2);
Insert into CORPORATIVO.CP_SERVICO (ID_SERVICO,SIGLA_SERVICO,DESC_SERVICO,ID_SERVICO_PAI,ID_TP_SERVICO) values (106,'SIGA-AQ-LOTE','Curso',82,2);
Insert into CORPORATIVO.CP_SERVICO (ID_SERVICO,SIGLA_SERVICO,DESC_SERVICO,ID_SERVICO_PAI,ID_TP_SERVICO) values (107,'SIGA-AQ-LOTE-MENU','Acesso',106,2);
Insert into CORPORATIVO.CP_SERVICO (ID_SERVICO,SIGLA_SERVICO,DESC_SERVICO,ID_SERVICO_PAI,ID_TP_SERVICO) values (108,'SIGA-AQ-ATRIB','Curso',82,2);
Insert into CORPORATIVO.CP_SERVICO (ID_SERVICO,SIGLA_SERVICO,DESC_SERVICO,ID_SERVICO_PAI,ID_TP_SERVICO) values (109,'SIGA-AQ-ATRIB-MENU','Acesso',108,2);
Insert into CORPORATIVO.CP_SERVICO (ID_SERVICO,SIGLA_SERVICO,DESC_SERVICO,ID_SERVICO_PAI,ID_TP_SERVICO) values (110,'SIGA-AQ-DUP','Duplic',82,2);
Insert into CORPORATIVO.CP_SERVICO (ID_SERVICO,SIGLA_SERVICO,DESC_SERVICO,ID_SERVICO_PAI,ID_TP_SERVICO) values (111,'SIGA-AQ-DUP-MENU','Acesso',110,2);
Insert into CORPORATIVO.CP_SERVICO (ID_SERVICO,SIGLA_SERVICO,DESC_SERVICO,ID_SERVICO_PAI,ID_TP_SERVICO) values (112,'SIGA-AQ-FOLHA','Lote',82,2);
Insert into CORPORATIVO.CP_SERVICO (ID_SERVICO,SIGLA_SERVICO,DESC_SERVICO,ID_SERVICO_PAI,ID_TP_SERVICO) values (113,'SIGA-AQ-FOLHA-MENU','ACESSO',112,2);
Insert into CORPORATIVO.CP_SERVICO (ID_SERVICO,SIGLA_SERVICO,DESC_SERVICO,ID_SERVICO_PAI,ID_TP_SERVICO) values (114,'SIGA-AQ-RESUMO','Pagamento',82,2);
Insert into CORPORATIVO.CP_SERVICO (ID_SERVICO,SIGLA_SERVICO,DESC_SERVICO,ID_SERVICO_PAI,ID_TP_SERVICO) values (115,'SIGA-AQ-RESUMO-MENU','Acesso',114,2);
Insert into CORPORATIVO.CP_SERVICO (ID_SERVICO,SIGLA_SERVICO,DESC_SERVICO,ID_SERVICO_PAI,ID_TP_SERVICO) values (116,'SIGA-AQ-PAG','Detalhado',82,2);
Insert into CORPORATIVO.CP_SERVICO (ID_SERVICO,SIGLA_SERVICO,DESC_SERVICO,ID_SERVICO_PAI,ID_TP_SERVICO) values (117,'SIGA-AQ-PAG-MENU','Acesso',116,2);
Insert into CORPORATIVO.CP_SERVICO (ID_SERVICO,SIGLA_SERVICO,DESC_SERVICO,ID_SERVICO_PAI,ID_TP_SERVICO) values (118,'SIGA-AQ-MENU','Consulta',82,2);
Insert into CORPORATIVO.CP_SERVICO (ID_SERVICO,SIGLA_SERVICO,DESC_SERVICO,ID_SERVICO_PAI,ID_TP_SERVICO) values (119,'SIGA-AQ-MENU-CURSO','Novo',118,2);
Insert into CORPORATIVO.CP_SERVICO (ID_SERVICO,SIGLA_SERVICO,DESC_SERVICO,ID_SERVICO_PAI,ID_TP_SERVICO) values (120,'SIGA-AQ-SIGA','Sistema Integrado de Gestão Administrativa',82,2);
Insert into CORPORATIVO.CP_SERVICO (ID_SERVICO,SIGLA_SERVICO,DESC_SERVICO,ID_SERVICO_PAI,ID_TP_SERVICO) values (121,'SIGA-AQ-SIGA-AQ','Módulo de Adicional de Qualificação',120,2);
Insert into CORPORATIVO.CP_SERVICO (ID_SERVICO,SIGLA_SERVICO,DESC_SERVICO,ID_SERVICO_PAI,ID_TP_SERVICO) values (122,'SIGA-AQ-SIGA-AQ-MENU','Consulta',121,2);
Insert into CORPORATIVO.CP_SERVICO (ID_SERVICO,SIGLA_SERVICO,DESC_SERVICO,ID_SERVICO_PAI,ID_TP_SERVICO) values (124,'SIGA-AQ-CURSO-Pesq','Pesquisar',83,2);
Insert into CORPORATIVO.CP_SERVICO (ID_SERVICO,SIGLA_SERVICO,DESC_SERVICO,ID_SERVICO_PAI,ID_TP_SERVICO) values (125,'SIGA-AQ-CURSO-INCL','Incluir',83,2);
Insert into CORPORATIVO.CP_SERVICO (ID_SERVICO,SIGLA_SERVICO,DESC_SERVICO,ID_SERVICO_PAI,ID_TP_SERVICO) values (126,'SIGA-AQ-INSTIT-INCL','Incluir',102,2);
Insert into CORPORATIVO.CP_SERVICO (ID_SERVICO,SIGLA_SERVICO,DESC_SERVICO,ID_SERVICO_PAI,ID_TP_SERVICO) values (127,'SIGA-AQ-INSTIT-PESQ','Pesquisar',102,2);
Insert into CORPORATIVO.CP_SERVICO (ID_SERVICO,SIGLA_SERVICO,DESC_SERVICO,ID_SERVICO_PAI,ID_TP_SERVICO) values (128,'SIGA-AQ-SERV-INCL','Incluir',104,2);
Insert into CORPORATIVO.CP_SERVICO (ID_SERVICO,SIGLA_SERVICO,DESC_SERVICO,ID_SERVICO_PAI,ID_TP_SERVICO) values (129,'SIGA-AQ-CURSO-GRV','Gravar',83,2);
Insert into CORPORATIVO.CP_SERVICO (ID_SERVICO,SIGLA_SERVICO,DESC_SERVICO,ID_SERVICO_PAI,ID_TP_SERVICO) values (130,'SIGA-AQ-INSTIT-GRV','Gravar',102,2);
Insert into CORPORATIVO.CP_SERVICO (ID_SERVICO,SIGLA_SERVICO,DESC_SERVICO,ID_SERVICO_PAI,ID_TP_SERVICO) values (131,'SIGA-AQ-LOTE-VISU','Visualizar',106,2);
Insert into CORPORATIVO.CP_SERVICO (ID_SERVICO,SIGLA_SERVICO,DESC_SERVICO,ID_SERVICO_PAI,ID_TP_SERVICO) values (132,'SIGA-AQ-DUP-GRV','Gravar',110,2);
Insert into CORPORATIVO.CP_SERVICO (ID_SERVICO,SIGLA_SERVICO,DESC_SERVICO,ID_SERVICO_PAI,ID_TP_SERVICO) values (133,'SIGA-AQ-CARGA','Carga',82,2);
Insert into CORPORATIVO.CP_SERVICO (ID_SERVICO,SIGLA_SERVICO,DESC_SERVICO,ID_SERVICO_PAI,ID_TP_SERVICO) values (134,'SIGA-AQ-CARGA-MENU','Acesso',133,2);


--REM INSERTING into CORPORATIVO.CP_SITUACAO_CONFIGURACAO
Insert into CORPORATIVO.CP_SITUACAO_CONFIGURACAO (ID_SIT_CONFIGURACAO,DSC_SIT_CONFIGURACAO,RESTRITIVIDADE_SIT_CONF) values (9,'Ignorar configuração anterior',1);
Insert into CORPORATIVO.CP_SITUACAO_CONFIGURACAO (ID_SIT_CONFIGURACAO,DSC_SIT_CONFIGURACAO,RESTRITIVIDADE_SIT_CONF) values (1,'Pode',0);
Insert into CORPORATIVO.CP_SITUACAO_CONFIGURACAO (ID_SIT_CONFIGURACAO,DSC_SIT_CONFIGURACAO,RESTRITIVIDADE_SIT_CONF) values (2,'Não Pode',9);
Insert into CORPORATIVO.CP_SITUACAO_CONFIGURACAO (ID_SIT_CONFIGURACAO,DSC_SIT_CONFIGURACAO,RESTRITIVIDADE_SIT_CONF) values (3,'Obrigatório',7);
Insert into CORPORATIVO.CP_SITUACAO_CONFIGURACAO (ID_SIT_CONFIGURACAO,DSC_SIT_CONFIGURACAO,RESTRITIVIDADE_SIT_CONF) values (4,'Opcional',6);
Insert into CORPORATIVO.CP_SITUACAO_CONFIGURACAO (ID_SIT_CONFIGURACAO,DSC_SIT_CONFIGURACAO,RESTRITIVIDADE_SIT_CONF) values (5,'Default',4);
Insert into CORPORATIVO.CP_SITUACAO_CONFIGURACAO (ID_SIT_CONFIGURACAO,DSC_SIT_CONFIGURACAO,RESTRITIVIDADE_SIT_CONF) values (6,'Não default',5);
Insert into CORPORATIVO.CP_SITUACAO_CONFIGURACAO (ID_SIT_CONFIGURACAO,DSC_SIT_CONFIGURACAO,RESTRITIVIDADE_SIT_CONF) values (7,'Proibido',10);
Insert into CORPORATIVO.CP_SITUACAO_CONFIGURACAO (ID_SIT_CONFIGURACAO,DSC_SIT_CONFIGURACAO,RESTRITIVIDADE_SIT_CONF) values (8,'Só Leitura',8);

--REM INSERTING into CORPORATIVO.CP_TIPO_CONFIGURACAO
Insert into CORPORATIVO.CP_TIPO_CONFIGURACAO (ID_TP_CONFIGURACAO,DSC_TP_CONFIGURACAO,ID_SIT_CONFIGURACAO) values (205,'Utilizar Serviço de Outra Lotação',2);
Insert into CORPORATIVO.CP_TIPO_CONFIGURACAO (ID_TP_CONFIGURACAO,DSC_TP_CONFIGURACAO,ID_SIT_CONFIGURACAO) values (30,'Despachável',2);
Insert into CORPORATIVO.CP_TIPO_CONFIGURACAO (ID_TP_CONFIGURACAO,DSC_TP_CONFIGURACAO,ID_SIT_CONFIGURACAO) values (31,'Destinatário',4);
Insert into CORPORATIVO.CP_TIPO_CONFIGURACAO (ID_TP_CONFIGURACAO,DSC_TP_CONFIGURACAO,ID_SIT_CONFIGURACAO) values (32,'Utilizar XStandard',2);
Insert into CORPORATIVO.CP_TIPO_CONFIGURACAO (ID_TP_CONFIGURACAO,DSC_TP_CONFIGURACAO,ID_SIT_CONFIGURACAO) values (33,'Utilizar PD4ML',2);
Insert into CORPORATIVO.CP_TIPO_CONFIGURACAO (ID_TP_CONFIGURACAO,DSC_TP_CONFIGURACAO,ID_SIT_CONFIGURACAO) values (25,'Gerenciar Publicação Boletim',2);
Insert into CORPORATIVO.CP_TIPO_CONFIGURACAO (ID_TP_CONFIGURACAO,DSC_TP_CONFIGURACAO,ID_SIT_CONFIGURACAO) values (23,'Pode receber documento sem assinatura',2);
Insert into CORPORATIVO.CP_TIPO_CONFIGURACAO (ID_TP_CONFIGURACAO,DSC_TP_CONFIGURACAO,ID_SIT_CONFIGURACAO) values (21,'Definir Publicadores',2);
Insert into CORPORATIVO.CP_TIPO_CONFIGURACAO (ID_TP_CONFIGURACAO,DSC_TP_CONFIGURACAO,ID_SIT_CONFIGURACAO) values (22,'Atender Pedido de Publicação',2);
Insert into CORPORATIVO.CP_TIPO_CONFIGURACAO (ID_TP_CONFIGURACAO,DSC_TP_CONFIGURACAO,ID_SIT_CONFIGURACAO) values (24,'Pode criar documento filho',1);
Insert into CORPORATIVO.CP_TIPO_CONFIGURACAO (ID_TP_CONFIGURACAO,DSC_TP_CONFIGURACAO,ID_SIT_CONFIGURACAO) values (1,'Movimentar',1);
Insert into CORPORATIVO.CP_TIPO_CONFIGURACAO (ID_TP_CONFIGURACAO,DSC_TP_CONFIGURACAO,ID_SIT_CONFIGURACAO) values (2,'Criar',1);
Insert into CORPORATIVO.CP_TIPO_CONFIGURACAO (ID_TP_CONFIGURACAO,DSC_TP_CONFIGURACAO,ID_SIT_CONFIGURACAO) values (3,'Finalizar',1);
Insert into CORPORATIVO.CP_TIPO_CONFIGURACAO (ID_TP_CONFIGURACAO,DSC_TP_CONFIGURACAO,ID_SIT_CONFIGURACAO) values (4,'Eletrônico',7);
Insert into CORPORATIVO.CP_TIPO_CONFIGURACAO (ID_TP_CONFIGURACAO,DSC_TP_CONFIGURACAO,ID_SIT_CONFIGURACAO) values (5,'Nivel de Acesso',4);
Insert into CORPORATIVO.CP_TIPO_CONFIGURACAO (ID_TP_CONFIGURACAO,DSC_TP_CONFIGURACAO,ID_SIT_CONFIGURACAO) values (6,'Acessar',1);
Insert into CORPORATIVO.CP_TIPO_CONFIGURACAO (ID_TP_CONFIGURACAO,DSC_TP_CONFIGURACAO,ID_SIT_CONFIGURACAO) values (7,'Diretor do Foro',null);
Insert into CORPORATIVO.CP_TIPO_CONFIGURACAO (ID_TP_CONFIGURACAO,DSC_TP_CONFIGURACAO,ID_SIT_CONFIGURACAO) values (8,'Reabrir',1);
Insert into CORPORATIVO.CP_TIPO_CONFIGURACAO (ID_TP_CONFIGURACAO,DSC_TP_CONFIGURACAO,ID_SIT_CONFIGURACAO) values (9,'Duplicar',1);
Insert into CORPORATIVO.CP_TIPO_CONFIGURACAO (ID_TP_CONFIGURACAO,DSC_TP_CONFIGURACAO,ID_SIT_CONFIGURACAO) values (10,'Editar',1);
Insert into CORPORATIVO.CP_TIPO_CONFIGURACAO (ID_TP_CONFIGURACAO,DSC_TP_CONFIGURACAO,ID_SIT_CONFIGURACAO) values (11,'Excluir',1);
Insert into CORPORATIVO.CP_TIPO_CONFIGURACAO (ID_TP_CONFIGURACAO,DSC_TP_CONFIGURACAO,ID_SIT_CONFIGURACAO) values (12,'Excluir Anexo',1);
Insert into CORPORATIVO.CP_TIPO_CONFIGURACAO (ID_TP_CONFIGURACAO,DSC_TP_CONFIGURACAO,ID_SIT_CONFIGURACAO) values (13,'Configurar',2);
Insert into CORPORATIVO.CP_TIPO_CONFIGURACAO (ID_TP_CONFIGURACAO,DSC_TP_CONFIGURACAO,ID_SIT_CONFIGURACAO) values (14,'Excluir Anotação',1);
Insert into CORPORATIVO.CP_TIPO_CONFIGURACAO (ID_TP_CONFIGURACAO,DSC_TP_CONFIGURACAO,ID_SIT_CONFIGURACAO) values (15,'Visualizar Impressão',1);
Insert into CORPORATIVO.CP_TIPO_CONFIGURACAO (ID_TP_CONFIGURACAO,DSC_TP_CONFIGURACAO,ID_SIT_CONFIGURACAO) values (16,'Cancelar Via',1);
Insert into CORPORATIVO.CP_TIPO_CONFIGURACAO (ID_TP_CONFIGURACAO,DSC_TP_CONFIGURACAO,ID_SIT_CONFIGURACAO) values (17,'Criar Via',1);
Insert into CORPORATIVO.CP_TIPO_CONFIGURACAO (ID_TP_CONFIGURACAO,DSC_TP_CONFIGURACAO,ID_SIT_CONFIGURACAO) values (18,'Nível de Acesso Máximo',4);
Insert into CORPORATIVO.CP_TIPO_CONFIGURACAO (ID_TP_CONFIGURACAO,DSC_TP_CONFIGURACAO,ID_SIT_CONFIGURACAO) values (19,'Nível de Acesso Mínimo',4);
Insert into CORPORATIVO.CP_TIPO_CONFIGURACAO (ID_TP_CONFIGURACAO,DSC_TP_CONFIGURACAO,ID_SIT_CONFIGURACAO) values (20,'Cadastrar Qualquer Subst',2);
Insert into CORPORATIVO.CP_TIPO_CONFIGURACAO (ID_TP_CONFIGURACAO,DSC_TP_CONFIGURACAO,ID_SIT_CONFIGURACAO) values (28,'Corrigir Erro',2);
Insert into CORPORATIVO.CP_TIPO_CONFIGURACAO (ID_TP_CONFIGURACAO,DSC_TP_CONFIGURACAO,ID_SIT_CONFIGURACAO) values (26,'Simular Usuário',2);
Insert into CORPORATIVO.CP_TIPO_CONFIGURACAO (ID_TP_CONFIGURACAO,DSC_TP_CONFIGURACAO,ID_SIT_CONFIGURACAO) values (27,'Notificar Por E-mail',2);
Insert into CORPORATIVO.CP_TIPO_CONFIGURACAO (ID_TP_CONFIGURACAO,DSC_TP_CONFIGURACAO,ID_SIT_CONFIGURACAO) values (29,'Cancelar Movimentação',2);
Insert into CORPORATIVO.CP_TIPO_CONFIGURACAO (ID_TP_CONFIGURACAO,DSC_TP_CONFIGURACAO,ID_SIT_CONFIGURACAO) values (100,'Instanciar Procedimento',2);
Insert into CORPORATIVO.CP_TIPO_CONFIGURACAO (ID_TP_CONFIGURACAO,DSC_TP_CONFIGURACAO,ID_SIT_CONFIGURACAO) values (101,'Designar Tarefa',2);
Insert into CORPORATIVO.CP_TIPO_CONFIGURACAO (ID_TP_CONFIGURACAO,DSC_TP_CONFIGURACAO,ID_SIT_CONFIGURACAO) values (200,'Utilizar Serviço',2);
Insert into CORPORATIVO.CP_TIPO_CONFIGURACAO (ID_TP_CONFIGURACAO,DSC_TP_CONFIGURACAO,ID_SIT_CONFIGURACAO) values (201,'Pode habilitar serviço',2);
Insert into CORPORATIVO.CP_TIPO_CONFIGURACAO (ID_TP_CONFIGURACAO,DSC_TP_CONFIGURACAO,ID_SIT_CONFIGURACAO) values (202,'Pode habilitar serviço de diretório',2);
Insert into CORPORATIVO.CP_TIPO_CONFIGURACAO (ID_TP_CONFIGURACAO,DSC_TP_CONFIGURACAO,ID_SIT_CONFIGURACAO) values (203,'Pertencer',1);
Insert into CORPORATIVO.CP_TIPO_CONFIGURACAO (ID_TP_CONFIGURACAO,DSC_TP_CONFIGURACAO,ID_SIT_CONFIGURACAO) values (204,'Fazer Login',1);

--REM INSERTING into CORPORATIVO.CP_TIPO_GRUPO
Insert into CORPORATIVO.CP_TIPO_GRUPO (ID_TP_GRUPO,DESC_TP_GRUPO) values (1,'Perfil de Acesso');
Insert into CORPORATIVO.CP_TIPO_GRUPO (ID_TP_GRUPO,DESC_TP_GRUPO) values (2,'Grupo de Email');
Insert into CORPORATIVO.CP_TIPO_GRUPO (ID_TP_GRUPO,DESC_TP_GRUPO) values (3,'Perfil de Acesso do JEE');

--REM INSERTING into CORPORATIVO.CP_TIPO_IDENTIDADE
Insert into CORPORATIVO.CP_TIPO_IDENTIDADE (ID_TP_IDENTIDADE,DESC_TP_IDENTIDADE) values (1,'Login e Senha');
Insert into CORPORATIVO.CP_TIPO_IDENTIDADE (ID_TP_IDENTIDADE,DESC_TP_IDENTIDADE) values (2,'Certidão Digital ICP-Brasil');


--REM INSERTING into CORPORATIVO.CP_TIPO_LOTACAO
Insert into CORPORATIVO.CP_TIPO_LOTACAO (ID_TP_LOTACAO,SIGLA_TP_LOTACAO,DESC_TP_LOTACAO,ID_TP_LOTACAO_PAI) values (1,'ADM','Unidade da Administração',null);
Insert into CORPORATIVO.CP_TIPO_LOTACAO (ID_TP_LOTACAO,SIGLA_TP_LOTACAO,DESC_TP_LOTACAO,ID_TP_LOTACAO_PAI) values (100,'JUD','Unidade Judicial',null);
Insert into CORPORATIVO.CP_TIPO_LOTACAO (ID_TP_LOTACAO,SIGLA_TP_LOTACAO,DESC_TP_LOTACAO,ID_TP_LOTACAO_PAI) values (101,'VF','Vara Federal',100);
Insert into CORPORATIVO.CP_TIPO_LOTACAO (ID_TP_LOTACAO,SIGLA_TP_LOTACAO,DESC_TP_LOTACAO,ID_TP_LOTACAO_PAI) values (102,'VFCR','Vara Federal Criminal',100);

--REM INSERTING into CORPORATIVO.CP_TIPO_MARCA
Insert into CORPORATIVO.CP_TIPO_MARCA (ID_TP_MARCA,DESCR_TP_MARCA) values (1,'SIGA-EX');

--REM INSERTING into CORPORATIVO.CP_TIPO_MARCADOR
Insert into CORPORATIVO.CP_TIPO_MARCADOR (ID_TP_MARCADOR,DESCR_TIPO_MARCADOR) values (1,'Sistema');
Insert into CORPORATIVO.CP_TIPO_MARCADOR (ID_TP_MARCADOR,DESCR_TIPO_MARCADOR) values (2,'Geral');
Insert into CORPORATIVO.CP_TIPO_MARCADOR (ID_TP_MARCADOR,DESCR_TIPO_MARCADOR) values (3,'Lotação e sublotações');
Insert into CORPORATIVO.CP_TIPO_MARCADOR (ID_TP_MARCADOR,DESCR_TIPO_MARCADOR) values (4,'Lotação');
Insert into CORPORATIVO.CP_TIPO_MARCADOR (ID_TP_MARCADOR,DESCR_TIPO_MARCADOR) values (5,'Pessoa');

--REM INSERTING into CORPORATIVO.CP_TIPO_PAPEL
Insert into CORPORATIVO.CP_TIPO_PAPEL (ID_TP_PAPEL,DESC_TP_PAPEL) values (1,'Principal');
Insert into CORPORATIVO.CP_TIPO_PAPEL (ID_TP_PAPEL,DESC_TP_PAPEL) values (2,'Funcional');

--REM INSERTING into CORPORATIVO.CP_TIPO_PESSOA
Insert into CORPORATIVO.CP_TIPO_PESSOA (ID_TP_PESSOA,DESC_TP_PESSOA) values (1,'Magistrado');
Insert into CORPORATIVO.CP_TIPO_PESSOA (ID_TP_PESSOA,DESC_TP_PESSOA) values (2,'Servidor');
Insert into CORPORATIVO.CP_TIPO_PESSOA (ID_TP_PESSOA,DESC_TP_PESSOA) values (3,'Estagiário');
Insert into CORPORATIVO.CP_TIPO_PESSOA (ID_TP_PESSOA,DESC_TP_PESSOA) values (4,'Terceirizado');

--REM INSERTING into CORPORATIVO.CP_TIPO_SERVICO
Insert into CORPORATIVO.CP_TIPO_SERVICO (ID_TP_SERVICO,DESC_TP_SERVICO,ID_SIT_CONFIGURACAO) values (1,'Diretório',2);
Insert into CORPORATIVO.CP_TIPO_SERVICO (ID_TP_SERVICO,DESC_TP_SERVICO,ID_SIT_CONFIGURACAO) values (2,'Sistema',2);

--REM INSERTING into CORPORATIVO.CP_TIPO_SERVICO_SITUACAO
Insert into CORPORATIVO.CP_TIPO_SERVICO_SITUACAO (ID_TP_SERVICO,ID_SIT_CONFIGURACAO) values (1,1);
Insert into CORPORATIVO.CP_TIPO_SERVICO_SITUACAO (ID_TP_SERVICO,ID_SIT_CONFIGURACAO) values (1,2);
Insert into CORPORATIVO.CP_TIPO_SERVICO_SITUACAO (ID_TP_SERVICO,ID_SIT_CONFIGURACAO) values (1,8);
Insert into CORPORATIVO.CP_TIPO_SERVICO_SITUACAO (ID_TP_SERVICO,ID_SIT_CONFIGURACAO) values (2,1);
Insert into CORPORATIVO.CP_TIPO_SERVICO_SITUACAO (ID_TP_SERVICO,ID_SIT_CONFIGURACAO) values (2,2);

--REM INSERTING into CORPORATIVO.CP_UF
Insert into CORPORATIVO.CP_UF (ID_UF,NM_UF) values (1,'AC');
Insert into CORPORATIVO.CP_UF (ID_UF,NM_UF) values (2,'AL');
Insert into CORPORATIVO.CP_UF (ID_UF,NM_UF) values (3,'AM');
Insert into CORPORATIVO.CP_UF (ID_UF,NM_UF) values (4,'AP');
Insert into CORPORATIVO.CP_UF (ID_UF,NM_UF) values (5,'BA');
Insert into CORPORATIVO.CP_UF (ID_UF,NM_UF) values (6,'CE');
Insert into CORPORATIVO.CP_UF (ID_UF,NM_UF) values (7,'DF');
Insert into CORPORATIVO.CP_UF (ID_UF,NM_UF) values (8,'ES');
Insert into CORPORATIVO.CP_UF (ID_UF,NM_UF) values (9,'GO');
Insert into CORPORATIVO.CP_UF (ID_UF,NM_UF) values (10,'MA');
Insert into CORPORATIVO.CP_UF (ID_UF,NM_UF) values (11,'MG');
Insert into CORPORATIVO.CP_UF (ID_UF,NM_UF) values (12,'MS');
Insert into CORPORATIVO.CP_UF (ID_UF,NM_UF) values (13,'MT');
Insert into CORPORATIVO.CP_UF (ID_UF,NM_UF) values (14,'PA');
Insert into CORPORATIVO.CP_UF (ID_UF,NM_UF) values (15,'PB');
Insert into CORPORATIVO.CP_UF (ID_UF,NM_UF) values (16,'PE');
Insert into CORPORATIVO.CP_UF (ID_UF,NM_UF) values (17,'PI');
Insert into CORPORATIVO.CP_UF (ID_UF,NM_UF) values (18,'PR');
Insert into CORPORATIVO.CP_UF (ID_UF,NM_UF) values (19,'RJ');
Insert into CORPORATIVO.CP_UF (ID_UF,NM_UF) values (20,'RN');
Insert into CORPORATIVO.CP_UF (ID_UF,NM_UF) values (21,'RO');
Insert into CORPORATIVO.CP_UF (ID_UF,NM_UF) values (22,'RR');
Insert into CORPORATIVO.CP_UF (ID_UF,NM_UF) values (23,'RS');
Insert into CORPORATIVO.CP_UF (ID_UF,NM_UF) values (24,'SC');
Insert into CORPORATIVO.CP_UF (ID_UF,NM_UF) values (25,'SE');
Insert into CORPORATIVO.CP_UF (ID_UF,NM_UF) values (26,'SP');
Insert into CORPORATIVO.CP_UF (ID_UF,NM_UF) values (27,'TO');

--REM INSERTING into CORPORATIVO.DP_CARGO
Insert into CORPORATIVO.DP_CARGO (ID_CARGO,NOME_CARGO,ID_ORGAO_USU,DT_FIM_CARGO,DT_INI_CARGO,ID_CARGO_INICIAL,IDE_CARGO,SIGLA_CARGO) values (1,'FUNCIONÁRIO',9999999999,null,to_date('03/08/11','DD/MM/RR'),1,'203','500300');

--REM INSERTING into CORPORATIVO.DP_ESTADO_CIVIL
Insert into CORPORATIVO.DP_ESTADO_CIVIL (ID_ESTADO_CIVIL,NM_ESTADO_CIVIL) values (3,'SEPARADO');
Insert into CORPORATIVO.DP_ESTADO_CIVIL (ID_ESTADO_CIVIL,NM_ESTADO_CIVIL) values (4,'DIVORCIADO');
Insert into CORPORATIVO.DP_ESTADO_CIVIL (ID_ESTADO_CIVIL,NM_ESTADO_CIVIL) values (5,'VIUVO');
Insert into CORPORATIVO.DP_ESTADO_CIVIL (ID_ESTADO_CIVIL,NM_ESTADO_CIVIL) values (6,'UNIAO ESTAVEL');
Insert into CORPORATIVO.DP_ESTADO_CIVIL (ID_ESTADO_CIVIL,NM_ESTADO_CIVIL) values (0,'NÃO DECLARADO');
Insert into CORPORATIVO.DP_ESTADO_CIVIL (ID_ESTADO_CIVIL,NM_ESTADO_CIVIL) values (1,'SOLTEIRO');
Insert into CORPORATIVO.DP_ESTADO_CIVIL (ID_ESTADO_CIVIL,NM_ESTADO_CIVIL) values (2,'CASADO');

--REM INSERTING into CORPORATIVO.DP_FUNCAO_CONFIANCA

--REM INSERTING into CORPORATIVO.DP_LOTACAO
Insert into CORPORATIVO.DP_LOTACAO (ID_LOTACAO,DATA_INI_LOT,DATA_FIM_LOT,NOME_LOTACAO,ID_LOTACAO_PAI,SIGLA_LOTACAO,ID_ORGAO_USU,IDE_LOTACAO,ID_LOTACAO_INI,ID_TP_LOTACAO) values (1,to_date('08/08/11','DD/MM/RR'),null,'LOTACAO TESTE',null,'LTEST',9999999999,'1076',1,100);

--REM INSERTING into CORPORATIVO.DP_PADRAO_REFERENCIA

--REM INSERTING into CORPORATIVO.DP_PESSOA
Insert into CORPORATIVO.DP_PESSOA (ID_PESSOA,DATA_INI_PESSOA,DATA_FIM_PESSOA,CPF_PESSOA,NOME_PESSOA,DATA_NASC_PESSOA,MATRICULA,ID_LOTACAO,ID_CARGO,ID_FUNCAO_CONFIANCA,SESB_PESSOA,EMAIL_PESSOA,TP_SERVIDOR_PESSOA,SIGLA_PESSOA,SEXO_PESSOA,GRAU_INSTRUCAO_PESSOA,TP_SANGUINEO_PESSOA,NACIONALIDADE_PESSOA,DATA_POSSE_PESSOA,DATA_NOMEACAO_PESSOA,DATA_PUBLICACAO_PESSOA,DATA_INICIO_EXERCICIO_PESSOA,ATO_NOMEACAO_PESSOA,SITUACAO_FUNCIONAL_PESSOA,ID_PROVIMENTO,NATURALIDADE_PESSOA,FG_IMPRIME_END,DSC_PADRAO_REFERENCIA_PESSOA,ID_ORGAO_USU,IDE_PESSOA,ID_PESSOA_INICIAL,ENDERECO_PESSOA,BAIRRO_PESSOA,CIDADE_PESSOA,CEP_PESSOA,TELEFONE_PESSOA,RG_PESSOA,RG_ORGAO_PESSOA,RG_DATA_EXPEDICAO_PESSOA,RG_UF_PESSOA,ID_ESTADO_CIVIL,ID_TP_PESSOA,NOME_EXIBICAO) values (1,to_date('01/01/01','DD/MM/RR'),null,11111111111,'USUARIO TESTE',to_date('01/01/01','DD/MM/RR'),99999,1,1,null,'ZZ','usuarioteste@jfrj.jus.br',null,'TST','M','ESPEC','A+','BRASILEIRO',to_date('01/01/01','DD/MM/RR'),to_date('01/01/01','DD/MM/RR'),to_date('01/01/01','DD/MM/RR'),to_date('01/01/01','DD/MM/RR'),'0000/2001','1',null,null,null,'PAD-REF',9999999999,'99999',1,'AV ALMTE BARROSO 78','CENTRO','RIO DE JANEIRO','20000000','9700','987654321','TESTE',to_date('01/01/01','DD/MM/RR'),'RJ',2,2,null);

--REM INSERTING into CORPORATIVO.DP_PROVIMENTO
--REM INSERTING into CORPORATIVO.DP_SUBSTITUICAO
--REM INSERTING into CORPORATIVO.PLAN_TABLE
--------------------------------------------------------
--  DDL for Index CP_TIPO_PAPEL_PK
--------------------------------------------------------

  CREATE UNIQUE INDEX "CORPORATIVO"."CP_TIPO_PAPEL_PK" ON "CORPORATIVO"."CP_TIPO_PAPEL" ("ID_TP_PAPEL") 
  ;
--------------------------------------------------------
--  DDL for Index PES_ID_INI
--------------------------------------------------------

  CREATE INDEX "CORPORATIVO"."PES_ID_INI" ON "CORPORATIVO"."DP_PESSOA" ("ID_PESSOA_INICIAL", "DATA_FIM_PESSOA") 
  ;
--------------------------------------------------------
--  DDL for Index PADRAO_REFERENCIA_PK
--------------------------------------------------------

  CREATE UNIQUE INDEX "CORPORATIVO"."PADRAO_REFERENCIA_PK" ON "CORPORATIVO"."DP_PADRAO_REFERENCIA" ("ID_PADRAO_REFERENCIA") 
  ;
--------------------------------------------------------
--  DDL for Index DP_LOTACAO_IDX_007
--------------------------------------------------------

  CREATE INDEX "CORPORATIVO"."DP_LOTACAO_IDX_007" ON "CORPORATIVO"."DP_LOTACAO" ("ID_LOTACAO_PAI") 
  ;
--------------------------------------------------------
--  DDL for Index FERIADO_PK
--------------------------------------------------------

  CREATE UNIQUE INDEX "CORPORATIVO"."FERIADO_PK" ON "CORPORATIVO"."CP_FERIADO" ("ID_FERIADO") 
  ;
--------------------------------------------------------
--  DDL for Index DP_PESSOA_IDX_003
--------------------------------------------------------

  CREATE INDEX "CORPORATIVO"."DP_PESSOA_IDX_003" ON "CORPORATIVO"."DP_PESSOA" ("ID_FUNCAO_CONFIANCA") 
  ;
--------------------------------------------------------
--  DDL for Index DP_CARGO_IDX_012
--------------------------------------------------------

  CREATE INDEX "CORPORATIVO"."DP_CARGO_IDX_012" ON "CORPORATIVO"."DP_CARGO" ("ID_ORGAO_USU") 
  ;
--------------------------------------------------------
--  DDL for Index DP_PESSOA_IDX_001
--------------------------------------------------------

  CREATE INDEX "CORPORATIVO"."DP_PESSOA_IDX_001" ON "CORPORATIVO"."DP_PESSOA" ("ID_ORGAO_USU") 
  ;
--------------------------------------------------------
--  DDL for Index UF_PK
--------------------------------------------------------

  CREATE UNIQUE INDEX "CORPORATIVO"."UF_PK" ON "CORPORATIVO"."CP_UF" ("ID_UF") 
  ;
--------------------------------------------------------
--  DDL for Index CP_TIPO_LOTACAO_PK
--------------------------------------------------------

  CREATE UNIQUE INDEX "CORPORATIVO"."CP_TIPO_LOTACAO_PK" ON "CORPORATIVO"."CP_TIPO_LOTACAO" ("ID_TP_LOTACAO") 
  ;
--------------------------------------------------------
--  DDL for Index CP_TIPO_IDENTIDADE_PK
--------------------------------------------------------

  CREATE UNIQUE INDEX "CORPORATIVO"."CP_TIPO_IDENTIDADE_PK" ON "CORPORATIVO"."CP_TIPO_IDENTIDADE" ("ID_TP_IDENTIDADE") 
  ;
--------------------------------------------------------
--  DDL for Index CP_IDENTIDADE_PK
--------------------------------------------------------

  CREATE UNIQUE INDEX "CORPORATIVO"."CP_IDENTIDADE_PK" ON "CORPORATIVO"."CP_IDENTIDADE" ("ID_IDENTIDADE") 
  ;
--------------------------------------------------------
--  DDL for Index ORGAO_PK
--------------------------------------------------------

  CREATE UNIQUE INDEX "CORPORATIVO"."ORGAO_PK" ON "CORPORATIVO"."CP_ORGAO" ("ID_ORGAO") 
  ;
--------------------------------------------------------
--  DDL for Index DP_PESSOA_NM_PESSOA_IX
--------------------------------------------------------

  CREATE INDEX "CORPORATIVO"."DP_PESSOA_NM_PESSOA_IX" ON "CORPORATIVO"."DP_PESSOA" ("NOME_PESSOA") 
  ;
--------------------------------------------------------
--  DDL for Index DP_PESSOA_IDX_002
--------------------------------------------------------

  CREATE INDEX "CORPORATIVO"."DP_PESSOA_IDX_002" ON "CORPORATIVO"."DP_PESSOA" ("ID_CARGO", "ID_LOTACAO", "ID_FUNCAO_CONFIANCA", "ID_ORGAO_USU") 
  ;
--------------------------------------------------------
--  DDL for Index CP_CONF_ID_CONFIGURACAO_PK
--------------------------------------------------------

  CREATE UNIQUE INDEX "CORPORATIVO"."CP_CONF_ID_CONFIGURACAO_PK" ON "CORPORATIVO"."CP_CONFIGURACAO" ("ID_CONFIGURACAO") 
  ;
--------------------------------------------------------
--  DDL for Index LOT_ID_INI
--------------------------------------------------------

  CREATE INDEX "CORPORATIVO"."LOT_ID_INI" ON "CORPORATIVO"."DP_LOTACAO" ("ID_LOTACAO_INI", "DATA_FIM_LOT") 
  ;
--------------------------------------------------------
--  DDL for Index DP_FUNCAO_CONFIANCA_IDX_010
--------------------------------------------------------

  CREATE INDEX "CORPORATIVO"."DP_FUNCAO_CONFIANCA_IDX_010" ON "CORPORATIVO"."DP_FUNCAO_CONFIANCA" ("ID_FUNCAO_CONFIANCA_PAI") 
  ;
--------------------------------------------------------
--  DDL for Index DP_FUNCAO_CONFIANCA_IDX_009
--------------------------------------------------------

  CREATE INDEX "CORPORATIVO"."DP_FUNCAO_CONFIANCA_IDX_009" ON "CORPORATIVO"."DP_FUNCAO_CONFIANCA" ("ID_ORGAO_USU") 
  ;
--------------------------------------------------------
--  DDL for Index CP_SIT_CONF_ID_SIT_CONF_PK
--------------------------------------------------------

  CREATE UNIQUE INDEX "CORPORATIVO"."CP_SIT_CONF_ID_SIT_CONF_PK" ON "CORPORATIVO"."CP_SITUACAO_CONFIGURACAO" ("ID_SIT_CONFIGURACAO") 
  ;
--------------------------------------------------------
--  DDL for Index CP_GRUPO_PK
--------------------------------------------------------

  CREATE UNIQUE INDEX "CORPORATIVO"."CP_GRUPO_PK" ON "CORPORATIVO"."CP_GRUPO" ("ID_GRUPO") 
  ;
--------------------------------------------------------
--  DDL for Index CP_TIPO_GRUPO_PK
--------------------------------------------------------

  CREATE UNIQUE INDEX "CORPORATIVO"."CP_TIPO_GRUPO_PK" ON "CORPORATIVO"."CP_TIPO_GRUPO" ("ID_TP_GRUPO") 
  ;
--------------------------------------------------------
--  DDL for Index CAD_SIT_FUNCIONAL_PK
--------------------------------------------------------

  CREATE UNIQUE INDEX "CORPORATIVO"."CAD_SIT_FUNCIONAL_PK" ON "CORPORATIVO"."CAD_SIT_FUNCIONAL" ("ID_CAD_SIT_FUNCIONAL") 
  ;
--------------------------------------------------------
--  DDL for Index SIGLA_LOTACAO_DP_LOTACAO_UK
--------------------------------------------------------

  CREATE UNIQUE INDEX "CORPORATIVO"."SIGLA_LOTACAO_DP_LOTACAO_UK" ON "CORPORATIVO"."DP_LOTACAO" ("SIGLA_LOTACAO", "ID_ORGAO_USU", "DATA_FIM_LOT") 
  ;
--------------------------------------------------------
--  DDL for Index CP_TIPO_PESSOA_PK
--------------------------------------------------------

  CREATE UNIQUE INDEX "CORPORATIVO"."CP_TIPO_PESSOA_PK" ON "CORPORATIVO"."CP_TIPO_PESSOA" ("ID_TP_PESSOA") 
  ;
--------------------------------------------------------
--  DDL for Index ESTADO_CIVIL_PK
--------------------------------------------------------

  CREATE UNIQUE INDEX "CORPORATIVO"."ESTADO_CIVIL_PK" ON "CORPORATIVO"."DP_ESTADO_CIVIL" ("ID_ESTADO_CIVIL") 
  ;
--------------------------------------------------------
--  DDL for Index LOTACAO
--------------------------------------------------------

  CREATE INDEX "CORPORATIVO"."LOTACAO" ON "CORPORATIVO"."CP_MARCA" ("ID_LOTACAO_INI") 
  ;
--------------------------------------------------------
--  DDL for Index CP_PAPEL_PK
--------------------------------------------------------

  CREATE UNIQUE INDEX "CORPORATIVO"."CP_PAPEL_PK" ON "CORPORATIVO"."CP_PAPEL" ("ID_PAPEL") 
  ;
--------------------------------------------------------
--  DDL for Index DP_CARGO_IDX_011
--------------------------------------------------------

  CREATE INDEX "CORPORATIVO"."DP_CARGO_IDX_011" ON "CORPORATIVO"."DP_CARGO" ("ID_CARGO_INICIAL") 
  ;
--------------------------------------------------------
--  DDL for Index LOCALIDADE_FK
--------------------------------------------------------

  CREATE UNIQUE INDEX "CORPORATIVO"."LOCALIDADE_FK" ON "CORPORATIVO"."CP_LOCALIDADE" ("ID_LOCALIDADE") 
  ;
--------------------------------------------------------
--  DDL for Index DP_PESSOA_IDX_015
--------------------------------------------------------

  CREATE INDEX "CORPORATIVO"."DP_PESSOA_IDX_015" ON "CORPORATIVO"."DP_PESSOA" ("DATA_FIM_PESSOA", "NOME_PESSOA") 
  ;
--------------------------------------------------------
--  DDL for Index DP_LOTACAO_IDX_006
--------------------------------------------------------

  CREATE INDEX "CORPORATIVO"."DP_LOTACAO_IDX_006" ON "CORPORATIVO"."DP_LOTACAO" ("ID_ORGAO_USU") 
  ;
--------------------------------------------------------
--  DDL for Index CP_TP_CONF_ID_TP_CONF_PK
--------------------------------------------------------

  CREATE UNIQUE INDEX "CORPORATIVO"."CP_TP_CONF_ID_TP_CONF_PK" ON "CORPORATIVO"."CP_TIPO_CONFIGURACAO" ("ID_TP_CONFIGURACAO") 
  ;
--------------------------------------------------------
--  DDL for Index CP_SERVICO_ID_SERVICO_PK
--------------------------------------------------------

  CREATE UNIQUE INDEX "CORPORATIVO"."CP_SERVICO_ID_SERVICO_PK" ON "CORPORATIVO"."CP_SERVICO" ("ID_SERVICO") 
  ;
--------------------------------------------------------
--  DDL for Index DP_FUNCAO_CONFIANCA_IDX_008
--------------------------------------------------------

  CREATE INDEX "CORPORATIVO"."DP_FUNCAO_CONFIANCA_IDX_008" ON "CORPORATIVO"."DP_FUNCAO_CONFIANCA" ("ID_FUN_CONF_INI") 
  ;
--------------------------------------------------------
--  DDL for Index DP_PESSOA_IDX_005
--------------------------------------------------------

  CREATE INDEX "CORPORATIVO"."DP_PESSOA_IDX_005" ON "CORPORATIVO"."DP_PESSOA" ("ID_PROVIMENTO") 
  ;
--------------------------------------------------------
--  DDL for Index PESSOA
--------------------------------------------------------

  CREATE INDEX "CORPORATIVO"."PESSOA" ON "CORPORATIVO"."CP_MARCA" ("ID_PESSOA_INI") 
  ;
--------------------------------------------------------
--  DDL for Index CP_MARCA_IDX_004
--------------------------------------------------------

  CREATE INDEX "CORPORATIVO"."CP_MARCA_IDX_004" ON "CORPORATIVO"."CP_MARCA" ("ID_REF") 
  ;
--------------------------------------------------------
--  DDL for Index DP_PESSOA_IDX_014
--------------------------------------------------------

  CREATE INDEX "CORPORATIVO"."DP_PESSOA_IDX_014" ON "CORPORATIVO"."DP_PESSOA" ("MATRICULA", "SESB_PESSOA", "DATA_FIM_PESSOA") 
  ;
--------------------------------------------------------
--  DDL for Index ORGAO_USU_PK
--------------------------------------------------------

  CREATE UNIQUE INDEX "CORPORATIVO"."ORGAO_USU_PK" ON "CORPORATIVO"."CP_ORGAO_USUARIO" ("ID_ORGAO_USU") 
  ;
--------------------------------------------------------
--  DDL for Index DP_PESSOA_IDX_004
--------------------------------------------------------

  CREATE INDEX "CORPORATIVO"."DP_PESSOA_IDX_004" ON "CORPORATIVO"."DP_PESSOA" ("ID_LOTACAO") 
  ;
--------------------------------------------------------
--  DDL for Index CP_TIPO_SERVICO_PK
--------------------------------------------------------

  CREATE UNIQUE INDEX "CORPORATIVO"."CP_TIPO_SERVICO_PK" ON "CORPORATIVO"."CP_TIPO_SERVICO" ("ID_TP_SERVICO") 
  ;
--------------------------------------------------------
--  DDL for Trigger CP_FERIADO_INSERT_TRG
--------------------------------------------------------

  CREATE OR REPLACE TRIGGER "CORPORATIVO"."CP_FERIADO_INSERT_TRG" 
  before insert on cp_feriado  
  for each row
declare
  -- local variables here
begin
     if :new.ID_feriado is null then
        select cp_feriado_SEQ.nextval into :new.id_feriado from dual;
     end if;
end cp_feriado_insert_trg;


ALTER TRIGGER "CP_FERIADO_INSERT_TRG" ENABLE;
--------------------------------------------------------
--  DDL for Trigger CP_LOCALIDADE_INSERT_TRG
--------------------------------------------------------

  CREATE OR REPLACE TRIGGER "CP_LOCALIDADE_INSERT_TRG" BEFORE INSERT
ON corporativo.cp_localidade
FOR EACH ROW
begin
if :new.ID_localidade is null then
select cp_localidade_SEQ.nextval into :new.id_localidade from dual;
end if;
end;


ALTER TRIGGER "CP_LOCALIDADE_INSERT_TRG" ENABLE;
--------------------------------------------------------
--  DDL for Trigger CP_ORGAO_INSERT_TRG
--------------------------------------------------------

  CREATE OR REPLACE TRIGGER "CP_ORGAO_INSERT_TRG" 
BEFORE INSERT ON CP_ORGAO FOR EACH ROW
begin
if :new.ID_ORGAO is null then
select CP_ORGAO_SEQ.nextval into :new.ID_ORGAO from dual;
end if;
end;

ALTER TRIGGER "CP_ORGAO_INSERT_TRG" ENABLE;
--------------------------------------------------------
--  DDL for Trigger CP_SEDE_INSERT_TRG
--------------------------------------------------------

  CREATE OR REPLACE TRIGGER "CP_SEDE_INSERT_TRG" before insert
on CP_SEDE
for each row
begin
if :new.ID_SEDE is null then
select CP_SEDE_SEQ.nextval into :new.ID_SEDE from dual;
end if;
end;

ALTER TRIGGER "CP_SEDE_INSERT_TRG" ENABLE;
--------------------------------------------------------
--  DDL for Trigger CP_UF_INSERT_TRG
--------------------------------------------------------

  CREATE OR REPLACE TRIGGER "CP_UF_INSERT_TRG" 
  before insert on cp_uf  
  for each row
declare
  -- local variables here
begin
 if :new.ID_uf is null then
     select cp_uf_SEQ.nextval into :new.id_uf from dual;
 end if;
end cp_uf_insert_trg;


ALTER TRIGGER "CP_UF_INSERT_TRG" ENABLE;
--------------------------------------------------------
--  DDL for Trigger DP_CARGO_INSERT_TRG
--------------------------------------------------------

  CREATE OR REPLACE TRIGGER "DP_CARGO_INSERT_TRG" BEFORE INSERT
ON corporativo.dp_cargo
FOR EACH ROW
begin
if :new.ID_cargo is null then
select dp_cargo_SEQ.nextval into :new.ID_cargo from dual;
end if;
if :new.id_cargo_inicial is null then
    select :new.ID_cargo into :new.id_cargo_inicial from dual;
end if;
end;
--

ALTER TRIGGER "DP_CARGO_INSERT_TRG" ENABLE;
--------------------------------------------------------
--  DDL for Trigger DP_ESTADO_CIVIL_INSERT_TRG
--------------------------------------------------------

  CREATE OR REPLACE TRIGGER "DP_ESTADO_CIVIL_INSERT_TRG" 
  before insert on DP_ESTADO_CIVIL
  for each row
declare
  -- local variables here
begin
     if :new.ID_ESTADO_CIVIL is null then
        select DP_ESTADO_CIVIL_SEQ.nextval into :new.ID_ESTADO_CIVIL from dual;
     end if;
end DP_ESTADO_CIVIL_insert_trg;


ALTER TRIGGER "DP_ESTADO_CIVIL_INSERT_TRG" ENABLE;
--------------------------------------------------------
--  DDL for Trigger DP_FUNC_CONF_INSERT_TRG
--------------------------------------------------------

  CREATE OR REPLACE TRIGGER "DP_FUNC_CONF_INSERT_TRG" BEFORE INSERT
ON corporativo.dp_funcao_confianca
FOR EACH ROW
begin
if :new.ID_funcao_confianca is null then
select dp_funcao_confianca_SEQ.nextval into :new.ID_funcao_confianca from dual;
end if;
if :new.id_fun_conf_ini is null then
    select :new.ID_funcao_confianca into :new.id_fun_conf_ini from dual;
end if;
end;

ALTER TRIGGER "DP_FUNC_CONF_INSERT_TRG" ENABLE;
--------------------------------------------------------
--  DDL for Trigger DP_LOTACAO_INSERT_TRG
--------------------------------------------------------

  CREATE OR REPLACE TRIGGER "DP_LOTACAO_INSERT_TRG" BEFORE INSERT
ON corporativo.dp_lotacao
FOR EACH ROW
begin
if :new.ID_lotacao is null then
select dp_lotacao_SEQ.nextval into :new.id_lotacao from dual;
end if;
if :new.id_lotacao_ini is null then
    select :new.ID_lotacao into :new.id_lotacao_ini from dual;
end if;
end;

ALTER TRIGGER "DP_LOTACAO_INSERT_TRG" ENABLE;
--------------------------------------------------------
--  DDL for Trigger DP_PADRAO_REF_INSERT_TRG
--------------------------------------------------------

  CREATE OR REPLACE TRIGGER "DP_PADRAO_REF_INSERT_TRG" 
BEFORE INSERT ON dp_padrao_referencia FOR EACH ROW
begin
if :new.ID_padrao_referencia is null then
select dP_padrao_referencia_SEQ.nextval into :new.ID_padrao_referencia from dual;
end if;
end;

ALTER TRIGGER "DP_PADRAO_REF_INSERT_TRG" ENABLE;
--------------------------------------------------------
--  DDL for Trigger DP_PESSOA_INSERT_TRG
--------------------------------------------------------

  CREATE OR REPLACE TRIGGER "DP_PESSOA_INSERT_TRG" 
BEFORE INSERT ON dp_pessoa FOR EACH ROW
begin
if :new.ID_pessoa is null then
select dP_pessoa_SEQ.nextval into :new.ID_pessoa from dual;
end if;
if :new.id_pessoa_inicial is null then
    select :new.ID_pessoa into :new.id_pessoa_inicial from dual;
end if;
end;

ALTER TRIGGER "DP_PESSOA_INSERT_TRG" ENABLE;
--------------------------------------------------------
--  DDL for Trigger DP_PROVIMENTO_INSERT_TRG
--------------------------------------------------------

  CREATE OR REPLACE TRIGGER "DP_PROVIMENTO_INSERT_TRG" BEFORE INSERT
ON corporativo.dp_provimento
FOR EACH ROW
begin
if :new.ID_provimento is null then
select dp_provimento_SEQ.nextval into :new.id_provimento from dual;
end if;
end;

ALTER TRIGGER "DP_PROVIMENTO_INSERT_TRG" ENABLE;
--------------------------------------------------------
--  DDL for Trigger DP_SUBSTITUICAO_INSERT_TRG
--------------------------------------------------------

  CREATE OR REPLACE TRIGGER "DP_SUBSTITUICAO_INSERT_TRG" BEFORE INSERT ON dp_substituicao FOR EACH ROW
begin
if :new.ID_substituicao is null then
select dP_substituicao_SEQ.nextval into :new.ID_substituicao from dual;
end if;
end;

ALTER TRIGGER "DP_SUBSTITUICAO_INSERT_TRG" ENABLE;

--------------------------------------------------------
--  DDL for Function REMOVE_ACENTO
--------------------------------------------------------

  CREATE OR REPLACE FUNCTION "REMOVE_ACENTO" 
    (acentuado in
    VARCHAR2)

--	Enter the parameters for the function in
--	the brackets above.  If this function has
--	no parameters then delete the line

--  ***************************************************
--	*                                                 *
--	*   Author                                        *
--	*   Creation Date                                 *
--	*   Comments                                      *
--	*                                                 *
--  ***************************************************

RETURN  VARCHAR2

IS

--	Enter all variables cursors and constants following
--	this line
sem_acento VARCHAR2(4000);

begin

--	Enter the code for the function following
--	this line

      sem_acento := CONVERT(TRANSLATE(UPPER( acentuado ),'ÃÕÑ','AON'),'US7ASCII');

	return	sem_acento;
			
exception

--	Enter the code to handle exception conditions
--	following this line


	when others then
		null;
			
end;
/
ALTER TRIGGER "CORPORATIVO"."CP_FERIADO_INSERT_TRG" ENABLE;
--------------------------------------------------------
--  DDL for Function REMOVE_ACENTO
--------------------------------------------------------

  CREATE OR REPLACE FUNCTION "CORPORATIVO"."REMOVE_ACENTO" 
    (acentuado in
    VARCHAR2)

--	Enter the parameters for the function in
--	the brackets above.  If this function has
--	no parameters then delete the line

--  ***************************************************
--	*                                                 *
--	*   Author                                        *
--	*   Creation Date                                 *
--	*   Comments                                      *
--	*                                                 *
--  ***************************************************

RETURN  VARCHAR2

IS

--	Enter all variables cursors and constants following
--	this line
sem_acento VARCHAR2(4000);

begin

--	Enter the code for the function following
--	this line

      sem_acento := CONVERT(TRANSLATE(UPPER( acentuado ),'ÃÕÑ','AON'),'US7ASCII');

	return	sem_acento;
			
exception

--	Enter the code to handle exception conditions
--	following this line


	when others then
		null;
			
end;
 
/

--REM INSERTING into CORPORATIVO.CP_MODELO
---------------------
--MODELOS FREEMARKER-
---------------------

DECLARE
  dest_blob BLOB;
  src_blob BLOB;
  
BEGIN
Insert into CP_MODELO (ID_MODELO,ID_ORGAO_USU,HIS_ID_INI,HIS_DT_INI,HIS_IDC_INI,HIS_DT_FIM,HIS_IDC_FIM,HIS_ATIVO,conteudo_blob_mod) values (1,null,1,to_date('05/03/12','DD/MM/RR'),1,null,null,1,utl_raw.cast_to_raw(' '));

select conteudo_blob_mod into dest_blob from CORPORATIVO.cp_modelo where id_modelo = 1 for update;

src_blob := utl_raw.cast_to_raw(convert('[#function par parameter]
    [#if param[parameter]??]
        [#return param[parameter]]
    [#else]
        [#return ""]
    [/#if]
    [#assign inlineTemplate = ["[#assign default_${var} = true/]", "assignInlineTemplate"]?interpret /]
    [@inlineTemplate/]
[/#function]

[#function formatarCPF fmtCPF_param]
[#-- Início do comentário
Aplicação: Função para formatar um CPF
Acrônimo: fmtCPF_
Autor:    Ruben
Data:     13/03/2012
Descrição:
Esta função obtém uma string contendo o CPF a ser formatado e o devolve formatado
com a seguinte apresentação: 999.999.999-99  


Pré-condições:
A string passada como CPF pode conter quaisquer caracteres numéricos e não numéricos, visto que a função irá colher somente os dígitos numéricos. 
Se a quantidade de dígitos numéricos for menor que 11 isto indica que possivelmente não foram passados os zeros a esquerda e neste caso, 
a função introduzirá a quantidade necessária de zeros a esquerda.
Exemplos
String passada             String considerada        String retornada      
4751084679                 47510846749               475.108.467-49
475.108.467/49             47510846749               475.108.467-49
510846749                  00510846748               005.108.467-49 
475xpto108bb46749          47510846749               475.108.467-49

Condições de erro:
Se a string for: nula ou maior que 11 ou menor que 3 dígitos numéricos,
será retornado "erro" pela função.

Parâmetros recebidos:                                                       
+----------------+-----------+-------------+----------+-----------------------------
|  Parâmetro     | Tipo/Tam  | Obrigatório | Default  | Descrição
+----------------+-----------+-------------+----------+-----------------------------
|  fmtCPF_param  | String    |  Sim        |          |  O CPF a ser formatado
+----------------+-----------+-------------+----------+------------------------------
Parâmetros devolvidos:
+----------------+-----------+-------------+----------+------------------------------
| Parâmetro      | Tipo/Tam  | Obrigatório | Default  | Descrição
+----------------+-----------+-------------+----------+------------------------------
|                | String    |  Sim        |          |  O CPF formatado ou ?erro?
+--------------+---------+--------+----------+---------------------------------------

Chamada da function:
A chamada nas aplicações poderá ser algo tipo:

   [#assign antigoCPF = "47510846749"
   [#assign novoCPF = formatarCPF(antigoCPF)/]
   [#if novoCPF == ?erro?]
      Tratar o erro, pois o CPF fornecido está inconsistente
   [/#if]     

Variáveis:
fmtCPF_param    Variável local para o CPF recebido pela função
fmtCPF_novo     Variável local para construir o novo CPF   
fmtCPF_i        Variável de looping usada como índice em ?substring 
fmtCPF_j        Variável de local usada como índice em ?substring
fmtCPF_digito   Variável local para  cada caracter do CPF recebido 
fmtCPF_retorno  Variável local com o novo CPF formatado retornado pela função

Fim comentário --]

[#-- Início do código --]

[#if !fmtCPF_param??]
 [#return "erro"]
[/#if]  

[#assign fmtCPF_tam = fmtCPF_param?length /]
[#assign fmtCPF_novo = ""/]
[#assign fmtCPF_digito = ""/]

[#list 1..fmtCPF_tam as fmtCPF_i]
 [#assign fmtCPF_digito = fmtCPF_param?substring(fmtCPF_i - 1, fmtCPF_i)/]
  [#if fmtCPF_digito == "0"  || fmtCPF_digito == "1" || fmtCPF_digito == "2" ||  fmtCPF_digito == "3" ||  fmtCPF_digito == "4" ||   fmtCPF_digito == "5" ||  fmtCPF_digito == "6" ||  fmtCPF_digito == "7" ||  fmtCPF_digito == "8" || fmtCPF_digito == "9"]
   [#assign fmtCPF_novo = fmtCPF_novo + fmtCPF_digito /] 
  [/#if]  
[/#list]  

[#assign fmtCPF_tam = fmtCPF_novo?length/]
[#if fmtCPF_tam > 11 || fmtCPF_tam < 3]
 [#return "erro"]
[#elseif fmtCPF_tam < 11]
 [#assign fmtCPF_qtezeros = 11 - fmtCPF_tam/]
 [#list 1..fmtCPF_qtezeros as fmtCPF_i]
  [#assign fmtCPF_novo = "0" + fmtCPF_novo/]','WE8ISO8859P1'));
	dbms_lob.append(dest_blob, src_blob);
	src_blob := utl_raw.cast_to_raw(convert('
 [/#list]
[/#if]

[#assign fmtCPF_retorno = fmtCPF_novo?substring(0, 3) + "." + fmtCPF_novo?substring(3, 6) + "." + fmtCPF_novo?substring(6, 9) + "-" + fmtCPF_novo?substring(9, 11) /]
[#return fmtCPF_retorno]
[/#function]


[#function validarCPF vldCPF_cpfrecebido] 
[#--
Aplicação: Função para validar um CPF 
Versão:    1.0
Acrônimo:  vldCPF_
Autor:     Ruben
Data:      13/03/2012
Descrição:
A validação do CPF se dá pelo confronto dos dígitos verificadores passado a função e calculados. O cálculo baseia-se em aplicar o módulo 11 nos primeiros 9 dígitos do CPF, obtendo-se assim o primeiro dígito verificador. Depois aplica-se o módulo 11 novamente nos primeiros 9 dígitos e no primeiro dígito verificador.
O site http://br.answers.yahoo.com/question/index?qid=20060829190814AAHOqY6 possui uma descrição detalhada de como o algoritmo deve funcionar.

Condições de erro:
Se a string for nula ou o dígito verificador calculado não bater com o fornecido a funnçõa retornará False.

Pré-condições:
O CPF deve estar no formato xxx.xxx.xxx-xx 
 
Parâmetros recebidos:                                                        
+--------------+---------+--------+----------+-----------------------------------
| Parâmetro    |Tipo/Tam | Obrig. | Default  | Descrição
+--------------+---------+--------+----------+-----------------------------------
|vldCPF_param  | String  |  Sim   |          |  O CPF a ser validado no formato
|              |         |        |          |  xxx.xxx.xxx-xx   
+--------------+---------+--------+----------+-----------------------------------

Parâmetros retornados:                                                        
+--------------+---------+--------+----------+-----------------------------------
| Parâmetro    |Tipo/Tam | Obrig. | Default  | Descrição
+--------------+---------+--------+----------+-----------------------------------
|              | Boolean |  Sim   |          |  True ? CPF OK
|              |         |        |          |  False ? CPF inválido   
+--------------+---------+--------+----------+-----------------------------------

Chamada da function: 
A chamada nas aplicações poderá ser algo tipo:
  
  [#assign testeCPF = validarCPF(CPFaservalidado)/]
  [#if !testeCPF]
      Tratar o erro, pois o CPF fornecido é inválido
  [/#if]      

Variáveis:
vldCPF_cpfrecebido   O CPF passado a função ***** Não podemos alterar o parãmetro passado
vldCPF_cpf           Cópia do CPF passado a função para que possamos trabalhar nele
vldCPF_d1            Conterá a soma dos dígitos para o primeiro dígito verificador 
vldCPF_d2            Conterá a soma dos dígitos para o segundo dígito verificador
vldCPF_digito1       Conterá o primeiro dígito verificador
vldCPF_digito2       Conterá o segundo dígito verificador
vldCPF_resto         Utilizado para obter o reswto da divisão
vldCPF_digitoCPF     Conterá cada caracter lido do CPF passado a função 
vldCPF_tam           Conterá o tamanho da string do CPF passado sem formatação (. e -)
vldCPF_ndigverific   Conterá os dígitos verificadores passados a função 
vldCPF_ndigresult    Conterá os dígitos verificadores calculados (vldCPF_digito1 + 
                     vldCPF_digito2)

                                                                                              Fim comentário --]

[#if !vldCPF_cpfrecebido??] 
      [#return false]   
[/#if]  

[#assign vldCPF_d1 = 0/]
[#assign vldCPF_d2 = 0/]
[#assign vldCPF_digito1 = 0/]
[#assign vldCPF_digito2 = 0/]
[#assign vldCPF_resto = 0/]
[#assign vldCPF_digitoCPF = ""/]
[#assign vldCPF_ndigverific = ""/]
[#assign vldCPF_ndigresult = ""/]

[#-- Não podemos trabalhar em cima do vldCPF_cpfrecebido pois gera resultados estranhos, por isso é feito uma cópia dele para a variável vldCPF_cpf  --]
[#assign vldCPF_cpf = ""/]
[#assign vldCPF_cpf = vldCPF_cpfrecebido/]

[#-- Retirar . e ? do CPF                                                              ','WE8ISO8859P1'));
	dbms_lob.append(dest_blob, src_blob);
	src_blob := utl_raw.cast_to_raw(convert('                       --]
[#assign vldCPF_cpf = vldCPF_cpf?replace(".", "") /]
[#assign vldCPF_cpf = vldCPF_cpf?replace("-", "") /]


[#assign vldCPF_tam = vldCPF_cpf?length - 2/]
[#--Lógica                                                                                                     --]
[#list 1..vldCPF_tam  as vldCPF_ncount]
   
[#assign vldCPF_digitoCPF =  vldCPF_cpf?substring(vldCPF_ncount - 1, vldCPF_ncount)/]

[#--multiplique a ultima casa por 2 a seguinte por 3 a seguinte por 4 e assim por diante                       --]

   [#assign vldCPF_d1 = vldCPF_d1 + (11 - vldCPF_ncount) * vldCPF_digitoCPF?number /]

[#-- para o segundo digito repita o procedimento incluindo o primeiro digito calculado no passo anterior       --]

   [#assign vldCPF_d2 = vldCPF_d2 + (12 - vldCPF_ncount) * vldCPF_digitoCPF?number /]
[/#list]  

[#-- Primeiro resto da divisão por 11                                                                          --] 

[#assign vldCPF_resto = (vldCPF_d1 % 11) /]

[#--Se o resultado for 0 ou 1 o digito é 0 caso contrário o digito é 11 menos o resultado anterior             --] 

[#if vldCPF_resto < 2]
 [#assign vldCPF_digito1 = 0/]
[#else]
  [#assign vldCPF_digito1 = 11 - vldCPF_resto /]
[/#if]  

[#-- parte que ficou faltando para o segundo digito verificador                                                --]
[#assign vldCPF_d2 =  vldCPF_d2 + (2 * vldCPF_digito1)/]

[#-- Segundo resto da divisão por 11                                                                           --]
[#assign vldCPF_resto = (vldCPF_d2 % 11) /]

[#--Se o resultado for 0 ou 1 o digito é 0 caso contrário o digito é 11 menos o resultado anterior             --] 

[#if vldCPF_resto < 2]
 [#assign vldCPF_digito2 = 0/]
[#else]
  [#assign vldCPF_digito2 = 11 - vldCPF_resto /]
[/#if]  

[#-- Digito verificador do CPF que está sendo validado                                                         --]
[#assign vldCPF_ndigverific = vldCPF_cpf?substring(vldCPF_cpf?length - 2, vldCPF_cpf?length)/]

[#-- Concatenando o primeiro resto com o segundo                                                               --] 
[#assign vldCPF_ndigresult = vldCPF_digito1?string + vldCPF_digito2?string /]

[#-- comparar o digito verificador do cpf com o primeiro resto + o segundo resto                               --]
[#if vldCPF_ndigverific == vldCPF_ndigresult]
  [#return true]
[#else]
  [#return false]
[/#if]  

[/#function]  


[#function fmtvldCPF fmtvldCPF_param]
[#-- Início do comentário
Aplicação: Função para formatar e validar um CPF
Acrônimo: fmtvldCPF_
Autor:    Ruben
Data:     13/03/2012
Descrição:
Esta função obtém uma string contendo o CPF a ser formatado e validado e o devolve formatado
com a seguinte apresentação: 999.999.999-99  

Pré-condições:
A string passada como CPF pode conter quaisquer caracteres numéricos e não numéricos, visto que a função irá colher somente os dígitos numéricos. 
Se a quantidade de dígitos numéricos for menor que 11 isto indica que possivelmente não foram passados os zeros a esquerda e neste caso, 
a função introduzirá a quantidade necessária de zeros a esquerda.
Exemplos
String passada             String considerada        String retornada      
4751084679                 47510846749               475.108.467-49
475.108.467/49             47510846749               475.108.467-49
510846749                  00510846748               005.108.467-49 
475xpto108bb46749          47510846749               475.108.467-49

Condições de erro:
Se a string for: nula ou maior que 11 ou menor que 3 dígitos numéricos, 
será retornado ?E1? pela função, indicando que o CPF passado não pode ser formatado.
Se o dígito verificador calculado não bater com dígito passado será retornado ?E2? pela função, indicando que o CPF é inválido.

Parâmetros recebidos:                                                       
+----------------+-----------','WE8ISO8859P1'));
	dbms_lob.append(dest_blob, src_blob);
	src_blob := utl_raw.cast_to_raw(convert('+-------------+----------+-------------------------------------------------
|  Parâmetro     | Tipo/Tam  | Obrigatório | Default  | Descrição
+----------------+-----------+-------------+----------+-------------------------------------------------
|fmtvldCPF_param | String    |  Sim        |          |  O CPF a ser formatado e validado
+----------------+-----------+-------------+----------+-------------------------------------------------
Parâmetros devolvidos:
+----------------+-----------+-------------+----------+-------------------------------------------------
| Parâmetro      | Tipo/Tam  | Obrigatório | Default  | Descrição
+----------------+-----------+-------------+----------+-------------------------------------------------
|                | String    |  Sim        |          |  O CPF formatado ou os seguintes tipos de erro:
|                |           |             |          |  E1 - O CPF passado não pode ser formatado
|                |           |             |          |  E2 - O CPF passado é inválido
+--------------+---------+--------+----------+----------------------------------------------------------

Chamada da function:
A chamada nas aplicações poderá ser algo tipo:

   [#assign antigoCPF = "47510846749"/]
   [#assign novoCPF = fmtvldCPF(antigoCPF)/]
   [#if novoCPF == "E1"]
      Tratar o erro, pois o CPF fornecido está inconsistente e não pode ser formatado
	[#elseif novoCPF == "E2"]
      Tratar o erro, pois o CPF fornecido é inválido, ou seja, possui dígitos verificadores inválidos 
	[#else]
      Utilizar o novoCPF	
   [/#if]     
 
 Fim comentário --]

[#if !fmtvldCPF_param??]
 [#return "E1"]
[/#if]  
 
[#assign fmtvldCPF_cpfrecebido = fmtvldCPF_param /]
[#assign fmtvldCPF_formatado = formatarCPF(fmtvldCPF_cpfrecebido)/]
[#if fmtvldCPF_formatado == "erro"]
     [#return "E1"]
[/#if] 

[#assign fmtvldCPF_validado = validarCPF(fmtvldCPF_formatado)/]
[#if !fmtvldCPF_validado]
     [#return "E2"]
[/#if]    

[#return fmtvldCPF_formatado]

[/#function]

[#macro dumpall]
[#local dump_var = "variável local criada para não gerar erro na rotina de listar as variáveis locais"/]

[#--
D D     U     U       M        M        P P    
D  D    U     U      M  M     M M       P  P    
D   D   U     U     M    M   M   M      P P     
D  D    U     U    M      M M     M     P      
D D     UUUUUUU   M        M       M    P       



DATA MODEL                               AMBIENTE DE EXECUÇÃO

root                                     +-------------+
  + Func                                 | Global      |
  |                                      +-------------+
  + Exbl
  |                                      +-------------+
  + Doc                                  | Main        |
  |                                      |             |  
  + Outra variáveis                      | +---------+ | 
                                         | | Local   | |
                                         | +---------+ |
                                         +-------------+

  
--]

   Cada template roda no NAMESPACE default chamado Main, onde constam as variáveis definidas via diretiva Assign [@br/]
   Nas macros e functions sao permitidas  a criação de variáveis locais via diretiva Local [@br/]
   As variáveis definidas via diretiva Global podem ser utilizadas em todo o ambiente do freemarker [@br/]
   O DATA MODEL e o Hash Root são idênticos [@br/]

[@separador/]
=================================== VARIÁVEIS DO DATA MODEL ============================================================ 
[@separador/]
[#list .data_model?keys as chave]
  [#assign key = chave! /]
  [#assign item = .data_model[key]! /]
  [@vertipo/]   [@br/]
[/#list]

[@separador/]

================================== VARIÁVEIS DO TEMPLATE SENDO EXECUTADO (NAMESPACE MAIN)=================================  
[@separador/]
[#list .main?keys as chave]
  [#assign key = chave! /','WE8ISO8859P1'));
	dbms_lob.append(dest_blob, src_blob);
	src_blob := utl_raw.cast_to_raw(convert(']
  [#assign item = .main[key]! /]
  [@vertipo/]   [@br/]
[/#list]
[@separador/]

================================== VARIÁVEIS DO HASH ROOT (Idêntica do DATA_MODEL) ========================================  
[@separador/]
[#list root?keys as chave]
  [#assign key = chave! /]
  [#assign item = root[key]! /]
  [@vertipo/]   [@br/]
[/#list]
[@separador/]

================================== VARIÁVEIS DO HASH (DA CLASSE) FUNC  =====================================================  
[@separador/]
[#list func?keys as chave]
  [#assign key = chave! /]
  [#assign item = func[key]! /]
  [@vertipo/]   [@br/]
[/#list]
[@separador/]

================================== VARIÁVEIS DO HASH (DA CLASSE) EXBL  =====================================================  
[@separador/]
[#list exbl?keys as chave]
  [#assign key = chave! /]
  [#assign item = exbl[key]! /]
  [@vertipo/]   [@br/]
[/#list]
[@separador/]

================================== VARIÁVEIS DO HASH (DA CLASSE) DOC  =====================================================  
[@separador/]
[#list doc?keys as chave]
  [#assign key = chave! /]
  [#assign item = ''?? (method)'' /]
  [@vertipo/]   [@br/]
[/#list]
[@separador/]

================================== VARIÁVEIS DEFINIDAS COMO LOCAL  ==========================================================  
[@separador/]
[#list .locals?keys as chave]
  [#assign key = chave! /]
  [#assign item = (.locals[key])! /]
  [@vertipo/]   [@br/]
[/#list]

[/#macro]

[#macro vertipo]
[#if item?is_method]
   ${key} = ?? (method)
[#elseif item?is_enumerable]
   ${key} = ??  (enumerável)
[#elseif item?is_hash_ex]
   ${key} = ?? (hash)
[#elseif item?is_number]
   ${key} = ${item}
[#elseif item?is_string]
   ${key} = "${item}"
[#elseif item?is_boolean]
   ${key} = ${item?string}
[#elseif item?is_date]
   ${key} = ${item?string("yyyy-MM-dd HH:mm:ss zzzz")}
[#elseif item?is_transform]
   ${key} = ?? (transform)
[#elseif item?is_macro]
   ${key} = ?? (macro)
[#elseif item?is_hash]
   ${key} = ?? (hash)
[#elseif item?is_node]
   ${key} = ?? (node)
[#else]
   ${key} = ?? (tipo desconhecido)
[/#if]
[/#macro]


[#macro dump]
[#-- Início do comentário
Aplicação: Realiza um dump das variáveis do data-model
Autor    : Ruben
Data     : 13/08/2012
Descrição: É o dump simplificado da macro @dumpall 
--]
[#list .data_model?keys as chave]
   [#assign key = chave! /]
   [#assign item = .data_model[key]! /]
   [#if item?is_number]
     ${key} = ${item}
   [#elseif item?is_string]
     ${key} = "${item}"
   [#elseif item?is_boolean]
     ${key} = ${item?string}
   [#elseif item?is_date]
     ${key} = ${item?string("yyyy-MM-dd HH:mm:ss zzzz")}
   [/#if]
[/#list] 
[/#macro]

[#macro br]
    <br>
[/#macro]

[#macro atualizaoculto var valor="" default="1"]
[#-- Início do comentário
Aplicação: Atualiza o valor de um campo oculto criado pela macro @oculto
Autor:    Ruben
Data:     13/05/2012
Descrição: Rcebe o nome da variável e o valor que se deseja modificar, sendo "1" o default
--]
[#local v = (valor != "")?string(valor,.vars[var]!default) /]
<script type="text/javascript">
document.getElementById("${var}").value="${v}";
</script>
[/#macro]


[#macro atualizacampo varantigo varnovo]
[#-- Início do comentário
Aplicação: Atualiza o valor de um campo via DOM
Autor:    Ruben
Data:     13/05/2012
Descrição: Recebe o nome da variável que deve ser modificada e a variável com conteúdo novo
--]
<script type="text/javascript">
document.getElementsByName("${varantigo}")[0].value="${varnovo}";
</script>
[/#macro]


[#macro msgid idspan texto vermelho=false]
[#-- 
Aplicação: Cria um campo de mensagem com id para que se possa mudar o seu atributo dinamicamente
Autor:    Ruben
Data:     13/05/2012
Descrição: Recebe o id e o texto da mensagem para que se possa alterar o style.diplay para "none" ou "inline"
--]
<span id="idspan" style="[#if vermelho]color=#ff000','WE8ISO8859P1'));
	dbms_lob.append(dest_blob, src_blob);
	src_blob := utl_raw.cast_to_raw(convert('0[/#if]"> ${texto!""}</span>
[/#macro]

[#macro memooculto var titulo colunas linhas reler=false obrigatorio=false default=""]
[#-- Início do comentário
Aplicação: Campo memo (textarea) oculto
Autor:    Ruben
Data:     13/08/2012
Descrição: Cria um campo memo (textarea) oculto
--]
[#if reler == true]
[#local jreler = " onchange=\"javascript: sbmt();\""]
[/#if]
[#local v = .vars[var]!default]
<input type="hidden" name="vars" value="${var}" />
[#if (alerta!"Não") = ''Sim'' && v = ""]
    [#list obrigatorios?split(",") as campo]
[#if campo == var]
[#local vermelho = "color:red"]
[/#if]
[/#list]
[/#if]
[#if obrigatorio]
[#local negrito = "font-weight:bold"]
<input type="hidden" name="obrigatorios" value="${var}" />
[/#if]
<div style="padding-top:5px;">
[#if !gerar_formulario!false]
<textarea cols="${colunas}" rows="${linhas}" style="display: none" name="${var}" ${jreler!""}>${v}</textarea>
[#else]
<span class="valor">${v}</span>
[/#if]
</div>
[/#macro]

[#macro dumpvarantes]
[#-- Início do comentário
Aplicação: Realiza um dump antes da execução do template
Autor    : Ruben
Data     : 13/08/2012
Descrição: Esta macro é utilizada pelo Integrador
--]
[#assign datahoje = doc.getData()?substring(0,10)/]
[#assign horahoje = doc.getData()?substring(11,19)/]
[#assign fm_logDump]
================================================================================== 
DUMP INÍCIO	 do DATA-MODEL / Variáveis do Template  ${datahoje} às ${horahoje}
==================================================================================
-
---------------------------------
LISTAGEM DO DATA-MODEL
--------------------------------
LINHA  VARIÁVEL / CONTEÚDO
------       ------------------------------------------------
[#assign fm_i = 1/]
[#list .data_model?keys as chave]
   [#assign key = chave! /]
   [#assign item = .data_model[key]! /]
  [#if key != "template" && key != "fm_dumpAntesFm" && key != "fm_dumpDepoisFm" && key!= "fm_aplicacao" && key != "fm_divcarregar" && key != "fm_exibirinicial" && key != "fm_conteudo"]
   [#if item?is_number]
     ${fm_i?string("00000")} ${key} = ${item}  
     [#assign fm_i = fm_i + 1 /] 
   [#elseif item?is_string]
     ${fm_i?string("00000")}  ${key} = "${item}"  
     [#assign fm_i = fm_i + 1 /]  
   [#elseif item?is_boolean]
     ${fm_i?string("00000")}  ${key} = ${item?string}
     [#assign fm_i = fm_i + 1 /]  
   [#elseif item?is_date]
     ${fm_i?string("00000")}  ${key} = ${item?string("yyyy-MM-dd HH:mm:ss zzzz")} 
     [#assign fm_i = fm_i + 1 /]  
   [/#if]
  [/#if] 
[/#list]
-
-
---------------------------------------------
LISTAGEM DAS VARIÁVEIS DO TEMPLATE
--------------------------------------------
LINHA  VARIÁVEL / CONTEÚDO
------      ------------------------------------------------
[#assign fm_i = 1/]
[#list .main?keys as chave]
  [#assign key = chave! /]
  [#assign item = .main[key]! /]
  [#if key != "fm_logDump" && key != "fm_dumpAntesFm"]
   [#if item?is_number]
     ${fm_i?string("00000")} ${key} = ${item}  
     [#assign fm_i = fm_i + 1 /] 
   [#elseif item?is_string]
     ${fm_i?string("00000")}  ${key} = "${item}"  
     [#assign fm_i = fm_i + 1 /]  
   [#elseif item?is_boolean]
     ${fm_i?string("00000")}  ${key} = ${item?string}
     [#assign fm_i = fm_i + 1 /]  
   [#elseif item?is_date]
     ${fm_i?string("00000")}  ${key} = ${item?string("yyyy-MM-dd HH:mm:ss zzzz")} 
     [#assign fm_i = fm_i + 1 /]  
   [/#if]
  [/#if] 
[/#list]

[/#assign]
[@oculto var="fm_dumpAntesFm" valor="${fm_logDump?html}"/]
[@grupo titulo="DUMP"]
<input id="fm_verdumpantes" type=button onClick="fm_verDumpFm(1);" value=''Início da execução''>
<span>    </span>
<input id="fm_verdumpdepois" type=button onClick="fm_verDumpFm(2);" value=''Fim da execução''>
[@separador/]
[/@grupo]

<script type="text/javascript" language="javascript">
function fm_verDumpFm(tipoDump)
{
try 
{
if (tipoDump == 1)
{
newwinantes.','WE8ISO8859P1'));
	dbms_lob.append(dest_blob, src_blob);
	src_blob := utl_raw.cast_to_raw(convert('close();
} // do if
if (tipoDump == 2)
{
newwindepois.close();
} 
} // do try  
catch(err) 
{
} 
if (tipoDump == 1)
{
meuString = document.getElementById("fm_dumpAntesFm").value;
meuArray = meuString.split(''\n'');
newwinantes = window.open(''minhapagantes.htm'',''DATAINICIO'',''height=160,width=800,status=yes,toolbar=yes,scrollbars=yes,menubar=yes,location=yes'');
for (i=0; i<meuArray.length; i++)
  {
  newwinantes.document.write(meuArray[i]);
  newwinantes.document.write(''<br>'');  
  }
} // do if tipoDump = 1
 
if (tipoDump == 2)
{
meuString = document.getElementById("fm_dumpDepoisFm").value;
meuArray = meuString.split(''\n'');   
newwindepois = window.open(''minhapagdepois.htm'',''DATAFIM'',''height=160,width=800,status=yes,toolbar=yes,scrollbars=yes,menubar=yes,location=yes'');
for (i=0; i<meuArray.length; i++)
  {
  newwindepois.document.write(meuArray[i]);
  newwindepois.document.write(''<br>'');  
  }
} // do if tipoDump = 2
} //da function
</script>
[/#macro]


[#macro dumpvardepois]
[#-- Início do comentário
Aplicação: Realiza um dump depois da execução do template
Autor    : Ruben
Data     : 13/08/2012
Descrição: Esta macro é utilizada pelo Integrador
--]
[#assign datahoje = doc.getData()?substring(0,10)/]
[#assign horahoje = doc.getData()?substring(11,19)/]
[#assign fm_logDump]
========================================================================== 
DUMP FIM do DATA-MODEL / Variáveis do Template  ${datahoje} às ${horahoje}
==========================================================================
-
----------------------
LISTAGEM DO DATA-MODEL
----------------------
LINHA  VARIÁVEL / CONTEÚDO
------ ------------------------------------------------
[#assign fm_i = 1/]
[#list .data_model?keys as chave]
   [#assign key = chave! /]
   [#assign item = .data_model[key]! /]
  [#if key != "template" && key != "fm_dumpAntesFm" && key != "fm_dumpDepoisFm" && key!= "fm_aplicacao" && key != "fm_divcarregar" && key != "fm_exibirinicial" && key != "fm_conteudo"]
   [#if item?is_number]
     ${fm_i?string("00000")} ${key} = ${item}  
     [#assign fm_i = fm_i + 1 /] 
   [#elseif item?is_string]
     ${fm_i?string("00000")}  ${key} = "${item}"  
     [#assign fm_i = fm_i + 1 /]  
   [#elseif item?is_boolean]
     ${fm_i?string("00000")}  ${key} = ${item?string}
     [#assign fm_i = fm_i + 1 /]  
   [#elseif item?is_date]
     ${fm_i?string("00000")}  ${key} = ${item?string("yyyy-MM-dd HH:mm:ss zzzz")} 
     [#assign fm_i = fm_i + 1 /]  
   [/#if]
  [/#if] 
[/#list]
-
-
------------------------------------------ 
LISTAGEM DAS VARIÁVEIS DO TEMPLATE
------------------------------------------
LINHA  VARIÁVEL / CONTEÚDO
------      ------------------------------------------------
[#assign fm_i = 1/]
[#list .main?keys as chave]
  [#assign key = chave! /]
  [#assign item = .main[key]! /]
  [#if key != "fm_logDump" && key != "fm_dumpAntesFm"]
   [#if item?is_number]
     ${fm_i?string("00000")} ${key} = ${item}  
     [#assign fm_i = fm_i + 1 /] 
   [#elseif item?is_string]
     ${fm_i?string("00000")}  ${key} = "${item}"  
     [#assign fm_i = fm_i + 1 /]  
   [#elseif item?is_boolean]
     ${fm_i?string("00000")}  ${key} = ${item?string}
     [#assign fm_i = fm_i + 1 /]  
   [#elseif item?is_date]
     ${fm_i?string("00000")}  ${key} = ${item?string("yyyy-MM-dd HH:mm:ss zzzz")} 
     [#assign fm_i = fm_i + 1 /]  
   [/#if]
  [/#if] 
[/#list]

[/#assign]
[@oculto var="fm_dumpDepoisFm" valor="${fm_logDump?html}"/]
[/#macro]



[#macro entrevista acaoGravar="" acaoExcluir="" acaoCancelar="" acaoFinalizar=""]
    [#if gerar_entrevista!false || gerar_formulario!false]
        [#if acaoGravar!=""]
            <input type="hidden" name="acaoGravar" id="acaoGravar" value="${acaoGravar}" />
	    <input type="hidden" name="vars" value="acaoGravar" />
        [/#if]
        [#if acaoExcluir!=""]
            <input type="hidden"','WE8ISO8859P1'));
	dbms_lob.append(dest_blob, src_blob);
	src_blob := utl_raw.cast_to_raw(convert(' name="acaoExcluir" id="acaoExcluir" value="${acaoExcluir}" />
	    <input type="hidden" name="vars" value="acaoExcluir" />
        [/#if]
        [#if acaoCancelar!=""]
            <input type="hidden" name="acaoCancelar" id="acaoCancelar" value="${acaoCancelar}" />
	    <input type="hidden" name="vars" value="acaoCancelar" />
        [/#if]
        [#if acaoFinalizar!=""]
            <input type="hidden" name="acaoFinalizar" id="acaoFinalizar" value="${acaoFinalizar}" />
	    <input type="hidden" name="vars" value="acaoFinalizar" />
        [/#if]
        [#nested]
    [/#if]
[/#macro]
[#macro documento formato="A4" orientacao="retrato" margemEsquerda="3cm" margemDireita="2cm" margemSuperior="1cm" margemInferior="2cm"]
    [#if !gerar_entrevista!false || gerar_finalizacao!false || gerar_assinatura!false]
        <html xmlns="http://www.w3.org/1999/xhtml" xml:lang="en" lang="en">
            <head>
                <style type="text/css">
                    @page {
                        margin-left: ${margemEsquerda};
                        margin-right: ${margemDireita};
                        margin-top: ${margemSuperior};
                        margin-bottom: ${margemInferior};
                    }
                </style>
            </head>
            <body>
                [#nested]
            </body>
        </html>
    [/#if]
[/#macro]

[#macro gravacao]
    [#if gerar_gravacao!false]
        [#nested]
    [/#if]
[/#macro]

[#macro finalizacao]
    [#if gerar_finalizacao!false]
        [#nested]
    [/#if]
[/#macro]

[#macro assinatura]
    [#if gerar_assinatura!false]
        [#nested]
    [/#if]
[/#macro]

[#macro pre_assinatura]
    [#if gerar_pre_assinatura!false]
        [#nested]
    [/#if]
[/#macro]

[#macro resumo visivel=false]
  [#assign visivel = visivel /]
  [#if gerar_resumo!false]
    <!-- resumo -->
      [#nested]
    <!-- /resumo -->
  [/#if]
[/#macro]

[#macro topico descricao valor]
  [#if visivel!false]
    <li>${descricao}=${valor}</li>
  [/#if]
  <!-- topico -->
    <input type="hidden" name="${descricao}" value="${valor}"/>
  <!-- /topico -->
[/#macro]

[#macro grupo titulo="" largura=0 depende="" esconder=false]
    [#if !esconder]
    [#local id = (depende=="")?string("", "div" + depende)] 
    [@div id=id depende=depende suprimirIndependente=true]
        [#if largura != 0]
            [#if !grupoLarguraTotal??]
                [#assign grupoLarguraTotal = 0/]
        <table width="100%">
        <tr>
            [/#if]
            [#assign grupoLarguraTotal = grupoLarguraTotal + largura/]
        <td width="${largura}%" valign="top">
        [/#if]
        <table class="entrevista" width="100%">
            [#if titulo != ""]
                <tr class="header">
                    <td>${titulo}</td>
                </tr>
            [/#if]
            <tr>
                <td>[#nested]</td>
            </tr>
        </table>
        [#if largura != 0]
            </td>
            [#if (grupoLarguraTotal >= 100)]
                </td>
                </table>
                [#assign grupoLarguraTotal = 0/]
            [/#if]
        [/#if]
    [/@div]
    [#else]
        [#nested]
    [/#if]
[/#macro]

[#macro div id="" depende="" suprimirIndependente=false]
    [#if suprimirIndependente || depende != ""]
        <div[#if id != ""] id="${id}"[/#if][#if depende != ""] depende=";${depende};"[/#if]>[#if id != ""]<!--ajax:${id}-->[/#if][#nested][#if id != ""]<!--/ajax:${id}-->[/#if]</div>
    [#else]
    [#nested]
    [/#if]
[/#macro]

[#macro texto var titulo="" largura="" maxcaracteres="" idAjax="" reler="" relertab="" obrigatorio="nao" default=""]
    [#if reler == ''ajax'']
        [#local jreler = " onchange=\"javascript: sbmt(''" + idAjax + "'');\""]
    [/#if]

    [#if reler == ''sim'']
        [#local jreler = " onchange=\"javascript: sbmt();\""]
    [/#if]

    [#if relertab == ''sim'']
        [#local jrelertab = " onblur=\"javascript: sbmt','WE8ISO8859P1'));
	dbms_lob.append(dest_blob, src_blob);
	src_blob := utl_raw.cast_to_raw(convert('();\""]
    [/#if]

    [#if largura?string != ""]
        [#local jlargura = " size=\"" + largura + "\""]
    [/#if]

    [#if maxcaracteres != ""]
        [#local jmaxcaracteres = " maxlength=\"" + maxcaracteres + "\""]
    [/#if]

    [#local v = .vars[var]!""]
    [#if v == ""]
        [#local v = default/]
    [/#if]

    <input type="hidden" name="vars" value="${var}" />

    [#if (alerta!"Não") = ''Sim'' && v = ""]
    [#list obrigatorios?split(",") as campo]
         [#if campo == var]
         [#local vermelho = "color:red"]
             [/#if]
        [/#list]
    [/#if]

    [#if obrigatorio == ''Sim'']
    [#local negrito = "font-weight:bold"]
    <input type="hidden" name="obrigatorios" value="${var}" />
    [/#if]

    [#if titulo != ""]
    <span style="${negrito!""};${vermelho!""}">${titulo}:</span>
    [/#if]
    
    [#if !gerar_formulario!false]
    <input type="text" name="${var}" value="${v}" ${jreler!""}${jrelertab!""}${jlargura!""}${jmaxcaracteres!""}/>
    [#else]
    <span class="valor">${v}</span>
    [/#if]
[/#macro]

[#macro oculto var valor="" default=""]
    [#local v = (valor != "")?string(valor,.vars[var]!default) /]
    <input type="hidden" name="vars" value="${var}" />
    [#if !gerar_formulario!false]
        <input type="hidden" id="${var}" name="${var}" value="${v}"/>
    [/#if]
[/#macro]

[#macro checkbox var titulo="" default="Nao" idAjax="" reler=false onclique="" obrigatorio=false]
    [#if reler == true && idAjax != ""]
            [#local jreler = " sbmt(''" + idAjax + "'');\""]
    [#elseif reler == true]
            [#local jreler = " sbmt();\""]
    [/#if]

    [#if .vars[var]??]
    [#local v = .vars[var]/]
    [#else]
    [#local v = default/]
        [#assign inlineTemplate = ["[#assign ${var} = v/]", "assignInlineTemplate"]?interpret /]
        [@inlineTemplate/]
    [/#if]

    <input type="hidden" name="vars" value="${var}" />
    <input type="hidden" id="${var}" name="${var}" value="${v}" />

    [#if (alerta!"Não") = ''Sim'' && v = ""]
    [#list obrigatorios?split(",") as campo]
         [#if campo == var]
         [#local vermelho = "color:red"]
             [/#if]
        [/#list]
    [/#if]

    [#if obrigatorio]
    [#local negrito = "font-weight:bold"]
    <input type="hidden" name="obrigatorios" value="${var}" />
    [/#if]

    [#if !gerar_formulario!false]
    <input type="checkbox" name="${var}_chk" value="Sim"
               [#if v==''Sim'']checked[/#if] 
               onclick="javascript: if (this.checked) document.getElementById(''${var}'').value = ''Sim''; else document.getElementById(''${var}'').value = ''Nao''; ${onclique!""}; ${jreler!""}" /> <span style="${negrito!""};${vermelho!""}">${titulo!""}</span>

    [#else]
    <span class="valor">${v}</span>
    [/#if]
[/#macro]

[#macro radio titulo var reler=false idAjax="" default="Não" valor="Sim" onclique=""]
    [#if reler == true && idAjax != ""]
            [#local jreler = " sbmt(''" + idAjax + "'');"]
    [#elseif reler == true]
            [#local jreler = " sbmt();"]
    [/#if]

    [#local v = .vars[var]!(default == "Sim")?string(valor, "") /]

    [#if !.vars["temRadio_"+var]??]
        <input type="hidden" name="vars" value="${var}" />
        <input type="hidden" id="${var}" name="${var}" value="" />
        [#assign inlineTemplate = ["[#assign temRadio_${var} = true/]", "assignInlineTemplate"]?interpret /]
        [@inlineTemplate/]
    [/#if]
    [#if v == valor]
        <script>document.getElementById(''${var}'').value = ''${valor}'';</script>
    [/#if]

    [#if !gerar_formulario!false]
    <table><tr><td>
            <input type="radio" name="${var}_chk" value="${valor}" [#if v == valor]checked[/#if]
        onclick="javascript: if (this.checked) document.getElementById(''${var}'').value = ''${valor}''; 
                ${onclique}; ${jreler!};" /> 
    </td><td>${titulo}</td><','WE8ISO8859P1'));
	dbms_lob.append(dest_blob, src_blob);
	src_blob := utl_raw.cast_to_raw(convert('/tr></table>
    [#else]
    <span class="valor">${v}</span>
    [/#if]
[/#macro]

[#macro editor var titulo="" default=""]
    [#if .vars[var]??]
        [#local v = .vars[var]/]
    [#else]
        [#local v = ""/]
    [/#if]
    [#if v != ""]
        [#local v = exbl.canonicalizarHtml(v, false, true, false, true)/]
    [#else]
        [#local v = '<p style="text-indent:2cm; text-align: justify">&nbsp;</p>'/]
    [/#if]

        <div>
        [#if titulo != ""]
                        <b>${titulo}</b>
        [/#if]

        [#if !gerar_formulario!false]

            <input type="hidden" name="vars" value="${var}" />
            <input type="hidden" id="desconsiderarExtensao" name="desconsiderarExtensao" value="${desconsiderarExtensao!'false'}" />

                        [#if ( (func.podeUtilizarExtensaoEditor(lotaCadastrante, doc.exModelo.idMod?number)!false)
                           && (!((desconsiderarExtensao == 'true')!false)) )]
[#else]
<textarea id="${var}" name="${var}" class="editor"> ${default!}${v?html}</textarea>
[/#if]
            <table class="entrevista" width="100%">
                <tr>
                    <td></td>
                    <td colspan="3">

                        
                         
                        [#if ( (func.podeUtilizarExtensaoEditor(lotaCadastrante, doc.exModelo.idMod?number)!false)
                           && (!((desconsiderarExtensao == 'true')!false)) )]
                             <input type="hidden" id="${var}" name="${var}" value="${v?html}">
                            [@extensaoEditor nomeExtensao=var conteudoExtensao=v/]
                        [#else]
                            
                            <script type="text/javascript">

CKEDITOR.config.scayt_autoStartup = true;
CKEDITOR.config.scayt_sLang = 'pt_BR';

CKEDITOR.config.stylesSet = 'siga_ckeditor_styles';



CKEDITOR.stylesSet.add('siga_ckeditor_styles',[
                                               {
                                            	   name:'T￭tulo',
                                            	   element:'h1',
                                            	   styles:{
                                            		   'text-align':'justify',
                                            		   'text-indent':'2cm'
                                            			   }
                                               },
                                               {
                                            	   name:'Subt￭tulo',
                                            	   element:'h2',
                                            	   styles:{
                                            		   'text-align':'justify',
                                            		   'text-indent':'2cm'
                                            			   }
                                               },
                                               {
                                            	   name:'Com recuo',
                                            	   element:'p',
                                            	   styles:{
                                            		   'text-align':'justify',
                                            		   'text-indent':'2cm'
                                            			   }
                                               }]);
	CKEDITOR.config.toolbar = 'SigaToolbar';
 
	CKEDITOR.config.toolbar_SigaToolbar =
	[
		{ name: 'styles', items : [ 'Styles' ] },
		{ name: 'clipboard', items : [ 'Cut','Copy','Paste','PasteText','PasteFromWord','-','Undo','Redo' ] },
		{ name: 'editing', items : [ 'Find','Replace','-','SelectAll','-','Scayt' ] },
		'/',
		{ name: 'basicstyles', items : [ 'Bold','Italic','Subscript','Underline','Strike','-','RemoveFormat' ] },
		{ name: 'paragraph', items : [ 'NumberedList','BulletedList','-','Outdent','Indent','-','JustifyLeft','JustifyCenter','JustifyBlock','JustifyRight' ] },
		{ name: 'insert', items : [ 'Table','-','SpecialChar','-','PageBreak' ] },
		{ name: 'document', items : [ 'Source' ] }
	];

window.onload = function(){
     $( "textarea.editor" ).each(function( index ) {
        CKEDITOR.replace( this,
	{
	   toolbar : 'SigaToolbar'
	});
     });
}

                            </script>
                            
                        [/#if]

                    </td>
                </tr>
            </table>
        [#else]
            <br>${v}<br><br>
        [/#if]
    </div>
[/#macro]

[#macro selecao var titulo opcoes reler=false idAjax="" onclick="" pontuacao=":"]
    [#local l=opcoes?split(";")]
    [#if .vars[var]??]
        [#local v = .vars[var]/]
    [#else]
        [#local v = l?first/]
                [#assign inlineTemplate = ["[#assign ${var} = v/]", "assignInlineTemplate"]?interpret /]
                [@inlineTemplate/]
        [/#if]
    
        ${titulo!""}[#if titulo != ""]${pontuacao!""}[/#if]

    [#if !gerar_formulario!false]
        <input type="hidden" name="vars" value="${var}" />
        <select name="${var}" [#if reler] onchange="javascript: sbmt([#if idAjax != ""]'${idAjax}'[/#if]);"[/#if] onclick="${onclick}">
                    [#list l as opcao]
                        <option[#if v == opcao] selected[/#if] value="${opcao}">${opcao}</option><br/>
            [/#list]
        </select>
    [#else]
        <span class="valor">${v}</span>
    [/#if]
[/#macro]

[#macro memo var titulo colunas linhas reler=false obrigatorio=false default=""]
        [#if reler == true]
                [#local jreler = " onchange=\"javascript: sbmt();\""]
        [/#if]

        [#loc','WE8ISO8859P1'));
	dbms_lob.append(dest_blob, src_blob);
	src_blob := utl_raw.cast_to_raw(convert('al v = .vars[var]!default]

        <input type="hidden" name="vars" value="${var}" />

        [#if (alerta!"Não") = ''Sim'' && v = ""]
    [#list obrigatorios?split(",") as campo]
                    [#if campo == var]
                        [#local vermelho = "color:red"]
                        [/#if]
                [/#list]
        [/#if]

        [#if obrigatorio]
            [#local negrito = "font-weight:bold"]
            <input type="hidden" name="obrigatorios" value="${var}" />
        [/#if]

        <div style="padding-top:5px;">
                [#if titulo != ""] 
                        <span style="${negrito!""};${vermelho!""}">${titulo}:<br/></span>
                [/#if]

                [#if !gerar_formulario!false]
                    <textarea cols="${colunas}" rows="${linhas}" name="${var}" ${jreler!""} style="width:100%;">${v}</textarea>
                [#else]
                    <span class="valor">${v}</span>
                [/#if]
        </div>
[/#macro]

[#macro XStandard nome="" conteudo=""]
        <script type="text/javascript" language="Javascript1.1">

        var insertingTable = false;
     
        /*function onSave() {
            var xstandard = document.getElementById(''xstandard'');
            if (xstandard && xstandard.readyState == 4){
                xstandard.value = xstandard.value.replace(/class=\"indent-first\"/g, ''style=\"text-indent: 2cm; text-align:justify;\"'');
                xstandard.value = xstandard.value.replace(/class=\"underline\"/g, ''style=\"text-decoration: underline\"'');
                xstandard.value = xstandard.value.replace(/class=\"justify\"/g, ''style=\"text-align:justify;\"'');
                document.getElementById(''${nome}'').EscapeUnicode = false;
                document.getElementById(''${nome}'').value = xstandard.value;
            }
        }*/
        function onSave() {
            var xstandard = document.getElementById(''xstandard'');
            var inputHidden = document.getElementById(''${nome}'');
            if (xstandard && xstandard.readyState == 4){
                inputHidden.EscapeUnicode = false;
                inputHidden.value = xstandard.value;
                inputHidden.value = inputHidden.value.replace(/class=\"indent-first\"/g, ''style=\"text-indent: 2cm; text-align:justify;\"'');
                inputHidden.value = inputHidden.value.replace(/class=\"underline\"/g, ''style=\"text-decoration: underline\"'');
                inputHidden.value = inputHidden.value.replace(/class=\"justify\"/g, ''style=\"text-align:justify;\"'');
            }
        }
    
        function xsDialogPropertiesActivated(id, qpath, element, attributes, metadata) {
        if (qpath == '''' && element == ''table''){
            document.getElementById(''xstandard'').SetDialogProperties("<attributes><attr><name>summary</name><value>Tabela</value></attr><attr><name>bordercolor</name><value>#000000</value></attr><attr><name>style</name><value>border-width:1px;border-style:solid;border-collapse:collapse</value></attr></attributes>", false, false);
            }
        }

        setTimeout("verificaSeCarregou()",2000);
        function verificaSeCarregou()
        {
          var xstandard = document.getElementById(''xstandard'');
          if (!xstandard || xstandard.readyState != 4){
              document.getElementById(''desconsiderarExtensao'').value=''true'';
              document.getElementById(''${nome}'').value = 
                  document.getElementById(''xstandard_temp'').innerHTML;
              sbmt();
            }
        }
  
        </script>

        <div id="xstandard_temp" style="display:none">
        ${conteudo}
        </div>

        <object classid="clsid:0EED7206-1661-11D7-84A3-00606744831D"
        codebase="http://${serverAndPort}/siga-ext-editor/XStandard/XStandard.cab#Version=3,0,0,0"
        type="application/x-xstandard" id="xstand','WE8ISO8859P1'));
	dbms_lob.append(dest_blob, src_blob);
	src_blob := utl_raw.cast_to_raw(convert('ard" width="100%" height="400">
        <param nams="ImageLibraryURL"
        value="http://soap.xstandard.com/imagelibrary.aspx" />
        <param name="AttachmentLibraryURL"
        value="http://soap.xstandard.com/attachmentlibrary.aspx" />
        <param name="SpellCheckerURL"
        value="http://soap.xstandard.com/spellchecker.aspx" />
        <param name="DirectoryURL"
        value="http://soap.xstandard.com/directory.aspx" />
        <param name="SubdocumentURL"
        value="http://soap.xstandard.com/subdocument.aspx" />
        <param name="EscapeUnicode" value="false" />

         
        <param name="Value" value="${conteudo?html}" />

        <param name="SpellCheckerLangFilter" value="pt" />
        <param name="SpellCheckerLang" value="pt" />
        <param name="License" value="http://${serverAndPort}/siga-ext-editor/XStandard/license.txt" />
        <param name="CSS" value="http://${serverAndPort}/siga-ext-editor/XStandard/format.css" />
        <param name="Styles" value="http://${serverAndPort}/siga-ext-editor/XStandard/styles-pt.xml" />
        <param name="Buttons" value="http://${serverAndPort}/siga-ext-editor/XStandard/buttons-pt.xml" />
        <param name="Icons" value="http://${serverAndPort}/siga-ext-editor/XStandard/icons.xml" />
        <!-- Ver como coloca português -->
        <param name="Lang" value="pt" />
        <param name="Localization" value="http://${serverAndPort}/siga-ext-editor/XStandard/localization-pt.xml" />
        <param name="EnablePasteMarkup" value="yes" />
        <param name="ToolbarWysiwyg"
        value="cut,copy,paste,undo,redo,find-replace,,strong,em,underline,,align-left,align-center,align-right,justify,,undo-blockquote,blockquote,,undo-indent-first,indent-first,,ordered-list,unordered-list,,draw-data-table,,separator,pagebreak,,spellchecker,,source,,help" />
        <param name="BackgroundColor" value="white" />
        <param name="BorderColor" value="#888888" />
        <!-- <param name="Base" value="http://soap.xstandard.com/library/" /> -->
        <param name="LatestVersion" value="2.0.5.0" />
        <param name="ToolbarEffect" value="linear-gradient" />
        <param name="ShowStyles" value="yes" />
        <param name="ShowToolbar" value="yes" />
        <param name="Mode" value="wysiwyg" />
        <param name="Options" value="0" />
        <param name="IndentOutput" value="yes" />
        <param name="ProxySetting" value="platform" />
        <param name="Debug" value="yes" />

        <!-- Tem duas opções que talvez sejam úteis: PreviewXSLT e ScreenReaderXSLT -->
        <!-- A opção icons é pros ícones das operações principais. O Placeholders é pros ícones das tags customizadas -->
        <!-- Ver qual a utilidade desse aqui: param name = EditorCSS --> <!-- Essas abaixo definem os botões em outros modos de visualização 
        <param name="ToolbarSource" value="" />
        <param name="ToolbarPreview" value="" />
        <param name="ToolbarScreenReader" value="" /> 
        Talvez CustomInlineElements, CustomBlockElements e CustomEmptyElements sirvam pras tabelas
        Depois, ver se as integration settings servem pra alguma coisa
        VER HeartbeatURL e Heartbeat Interval. Parecem ser úteis pra verificar sessão
        Talvez algumas subs sejam úteis para mudar os contexts menus. Ver na seção Hooks & Extensions
        Funções TagList, Path e QPath e TagListXML são interessantes
        --> 
        </object>
[/#macro]
[#macro formulario texto fecho="" tamanhoLetra="Normal" _tipo="FORMULÁRIO"]
[#--
  Aplicação: Formatar documento para o tipo Formulário
  Autor:     André
  Data:      29/03/2012
--]
    [#if tamanhoLetra! == "Normal"]
        [#assign tl = "11pt" /]
    [#elseif tamanhoLetra! == "Pequeno"]
        [#assign tl = "9pt" /]
    [#elseif tamanhoLetra! == "Grande"]
        [#assign tl = "13pt" /]
    [#else]     
        [#assign tl = "11pt"]
    [/#if]

       ','WE8ISO8859P1'));
	dbms_lob.append(dest_blob, src_blob);
	src_blob := utl_raw.cast_to_raw(convert(' [@estiloBrasaoCentralizado tipo=_tipo tamanhoLetra=tl formatarOrgao=false]
        <span style="font-size: ${tl}"> ${texto!} </span>
                <p style="align: justify; TEXT-INDENT: 2cm">${fecho}</p>
        [/@estiloBrasaoCentralizado]
[/#macro]

[#macro assentamento_funcional texto fecho="" tamanhoLetra="Normal" _tipo="ASSENTAMENTO FUNCIONAL"]
[#--
  Aplicação: Formatar documento para o tipo Assentamento Funcional
  Autor:     André
  Data:      20/03/2012
--]
    [#if tamanhoLetra! == "Normal"]
        [#assign tl = "11pt" /]
    [#elseif tamanhoLetra! == "Pequeno"]
        [#assign tl = "9pt" /]
    [#elseif tamanhoLetra! == "Grande"]
        [#assign tl = "13pt" /]
    [#else]     
        [#assign tl = "11pt"]
    [/#if]

        [@estiloBrasaoCentralizado tipo=_tipo tamanhoLetra=tl formatarOrgao=false]
        <span style="font-size: ${tl}"> ${texto!} </span>
                <p style="align: justify; TEXT-INDENT: 2cm">${fecho}</p>
        [/@estiloBrasaoCentralizado]
[/#macro]

[#macro requerimento texto fecho="" tamanhoLetra="Normal" _tipo=""]
[#--
  Aplicação: Formatar documento para o tipo Formulário
  Autor:     André
  Data:      29/05/2012
--]
    [#if tamanhoLetra! == "Normal"]
        [#assign tl = "11pt" /]
    [#elseif tamanhoLetra! == "Pequeno"]
        [#assign tl = "9pt" /]
    [#elseif tamanhoLetra! == "Grande"]
        [#assign tl = "13pt" /]
    [#else]     
        [#assign tl = "11pt"]
    [/#if]

        [@estiloBrasaoCentralizado tipo=_tipo tamanhoLetra=tl formatarOrgao=false dataAntesDaAssinatura=true]
        <span style="font-size: ${tl}"> ${texto!} </span>
                <p style="align: justify; TEXT-INDENT: 2cm">${fecho}</p>
        [/@estiloBrasaoCentralizado]
[/#macro]

[#macro requerimento2 texto _tipo="REQUERIMENTO"]
[#--
  Aplicação: Formatar documento para o tipo Requerimento
  Autor:     Priscila
  Data:      30/05/2012
--]
<span style="align: justify; font-family: Arial; font-size: 15pt; font-weight: bold;">
${enderecamentoDiretorDeRH}<br/>
</span>
${texto}<br/><br/>
<span style="align: right; TEXT-INDENT: 2cm">Nestes termos,<br/>
Pede deferimento.</span><br/><br/><br/>
[#if mov??]
[@assinaturaMovCentro formatarOrgao=formatarOrgao/]
[#else]
[@assinaturaCentro formatarOrgao=formatarOrgao/]
[/#if]
[@primeiroRodape]
[@rodapeClassificacaoDocumental/]
[/@primeiroRodape]
[/#macro]

[#macro mensagem texto titulo="" vermelho=false]
    <span style="[#if vermelho]color=#ff0000[/#if]">[#if titulo?? && titulo!=""]<b>${titulo}</b>: [/#if]${texto!""}</span>
[/#macro]

[#macro mensagem2 texto titulo="" cor="black"]
<span style="color:${cor}"> [#if titulo?? && titulo!=""]<b>${titulo}</b>:[/#if] <b>${texto}</b></span>
[/#macro]


[#-- macro obrigatorios texto="Os campos em negrito são de preenchimento obrigatório" titulo="Atenção" vermelho=false]
<span style="[#if vermelho]color=#ff0000[/#if]">[#if titulo?? && titulo!=""]<b>${titulo}</b>: [/#if]${texto!""}</span>
[/#macro --]

[#macro separador]
    <hr color="#FFFFFF"/>
[/#macro]

[#macro caixaSelecao titulo var tipo="" idInicial="" siglaInicial="" descricaoInicial="" modulo="" desativar=false buscar=true ocultarDescricao=false reler=false idAjax="" default="" obrigatorio=false relertab="" paramList="" grande=false]
    [#local larguraPopup = 600 /]
    [#local alturaPopup =400 /]
    [#local tipoSel = "_" + tipo /]
        [#local acaoBusca = (modulo=="")?string("/siga/","/"+modulo+"/") + tipo /]
    
        [#if paramList != ""]
            [#list paramList?split(";") as parametro]
                [#local p2 = parametro?split("=") /]
            [#if p2??]
                [#local selecaoParams = selecaoParams!"" + "&" + p2[0] + "=" + p2[1] /]
            [/#if]
        [/#list]
        [/#if]
    
    <script type="text/javascript">
    
    self.retorna_${var}${tipoSel} = function(id, sigla, descricao) {
        try {
            new','WE8ISO8859P1'));
	dbms_lob.append(dest_blob, src_blob);
	src_blob := utl_raw.cast_to_raw(convert('window_${var}.close();
        } catch (E) {
        } finally {
        }
        document.getElementsByName(''${var}${tipoSel}Sel.id'')[0].value = id;
        [#if !ocultarDescricao]
            try {
                document.getElementsByName(''${var}${tipoSel}Sel.descricao'')[0].value = descricao;
                document.getElementById(''${var}${tipoSel}SelSpan'').innerHTML = descricao;
            } catch (E) {
            }
        [/#if]
        document.getElementsByName(''${var}${tipoSel}Sel.sigla'')[0].value = sigla;
        [#if reler]
                    //window.alert("vou reler tudo!");
            document.getElementsByName(''req${var}${tipoSel}Sel'')[0].value = "sim";
            document.getElementById(''alterouSel'').value=''${var}'';
            sbmt([#if idAjax != ""]''${idAjax}''[/#if]);
        [/#if]
    }
     
    self.newwindow_${var} = '''';
    self.popitup_${var}${tipoSel} = function(sigla) {
                 var url = ''${acaoBusca}/buscar.action?propriedade=${var}${tipoSel}&sigla=''+encodeURI(sigla)+''${selecaoParams!}'';
        
        if (!newwindow_${var}.closed && newwindow_${var}.location) {
            newwindow_${var}.location.href = url;
        } else {
            var popW = ${larguraPopup};
            var popH = ${alturaPopup};
            
            [#if grande]
                popW = screen.width*0.75;
                popH = screen.height*0.75;
            [/#if]
            var winleft = (screen.width - popW) / 2;
            var winUp = (screen.height - popH) / 2; 
            winProp = ''width=''+popW+'',height=''+popH+'',left=''+winleft+'',top=''+winUp+'',scrollbars=yes,resizable''
            newwindow_${var}=window.open(url,''${var}${tipoSel}'',winProp);
        }
        newwindow_${var}.opener = self;
        
        if (window.focus) {
            newwindow_${var}.focus()
        }
        return false;
    }
    
    self.resposta_ajax_${var}${tipoSel} = function(response, d1, d2, d3) {
        var sigla = document.getElementsByName(''${var}${tipoSel}Sel.sigla'')[0].value;
        var data = response.split('';'');
        if (data[0] == ''1'')
            return retorna_${var}${tipoSel}(data[1], data[2], data[3]);
        retorna_${var}${tipoSel}('''', '''', '''');
    
        [#if buscar]
            return popitup_${var}${tipoSel}(sigla);
        [#else]
            return;
        [/#if]
    }
    
    self.ajax_${var}${tipoSel} = function() {
        var sigla = document.getElementsByName(''${var}${tipoSel}Sel.sigla'')[0].value;
        if (sigla == '''') {
            return retorna_${var}${tipoSel}('''', '''', '''');
        }
        var url = ''${acaoBusca}/selecionar.action?var=${var}${tipoSel}&sigla=''+encodeURI(sigla)+''${selecaoParams!}'';
        url = url + ''&sigla='' + sigla;
        PassAjaxResponseToFunction(url, ''resposta_ajax_${var}${tipoSel}'', false);
    }
    
    </script>
    
    <input type="hidden" name="${var}${tipoSel}Sel.id" value="${.vars[var+tipoSel+"Sel.id"]!}" />
    <input type="hidden" name="${var}${tipoSel}Sel.descricao" />
    <input type="hidden" name="${var}${tipoSel}Sel.buscar" />
    <input type="hidden" name="req${var}${tipoSel}Sel" />
    <input type="hidden" name="alterouSel" value="" id="alterouSel" />
    <input type="text" name="${var}${tipoSel}Sel.sigla" value="${.vars[var+tipoSel+"Sel.sigla"]!}" onkeypress="return handleEnter(this, event)"
        onblur="javascript: ajax_${var}${tipoSel}();" size="25" ${desativar?string(''disabled="true"'','''')} />
    [#if buscar]
        <input type="button" id="${var}${tipoSel}SelButton" value="..."
            onclick="javascript: popitup_${var}${tipoSel}('''');"
            ${desativar?string("disabled","")} theme="simple">
    [/#if]
    [#if !ocultarDescricao]
        <span id="${var}${tipoSel}SelSpan">${.vars[var+tipoSel+"Sel.descricao"]!}</span>
    [/#if]
    
    <script type="te','WE8ISO8859P1'));
	dbms_lob.append(dest_blob, src_blob);
	src_blob := utl_raw.cast_to_raw(convert('xt/javascript">
        document.getElementsByName(''${var}${tipoSel}Sel.id'')[0].value = ''${(idInicial=="")?string(.vars[var+tipoSel+"Sel.id"]!, idInicial)}'';
        document.getElementsByName(''${var}${tipoSel}Sel.sigla'')[0].value = ''${(siglaInicial=="")?string(.vars[var+tipoSel+"Sel.sigla"]!, siglaInicial)}'';
        document.getElementsByName(''${var}${tipoSel}Sel.descricao'')[0].value = ''${(descricaoInicial=="")?string(.vars[var+tipoSel+"Sel.descricao"]!, descricaoInicial)}'';
        [#if !ocultarDescricao]
        document.getElementById(''${var}${tipoSel}SelSpan'').innerHTML = ''${(descricaoInicial=="")?string(.vars[var+tipoSel+"Sel.descricao"]!, descricaoInicial)}'';
        [/#if]
    </script>
[/#macro]

[#macro selecionavel titulo var tipo reler=false idAjax="" default="" obrigatorio=false relertab="" paramList="" modulo=""]
    [#assign tipoSel = "_" + tipo /]

    [#assign varName = var + tipoSel + "Sel.id" /]
    [#local vId = .vars[varName]!default]
    <input type="hidden" name="vars" value="${varName}" />

    [#assign varName = var + tipoSel + "Sel.sigla" /]
    [#local vSigla = .vars[varName]!default]
    <input type="hidden" name="vars" value="${varName}" />

    [#assign varName = var + tipoSel + "Sel.descricao" /]
    [#local vDescricao = .vars[varName]!default]
    <input type="hidden" name="vars" value="${varName}" />

    [#if (alerta!"Não") = ''Sim'' && vId == ""]
    [#list obrigatorios?split(",") as campo]
         [#if campo == varName]
         [#local vermelho = "color:red"]
             [/#if]
        [/#list]
    [/#if]
    [#if obrigatorio]
    [#local negrito = "font-weight:bold"]
    <input type="hidden" name="obrigatorios" value="${varName}" />
    [/#if]

    [#if titulo?? && titulo != ""]<span style="${negrito!};${vermelho!}">${titulo}:</span>[/#if]

    [#if !gerar_formulario!false]
        [@caixaSelecao titulo=titulo var=var tipo=tipo reler=reler idAjax=idAjax relertab=relertab paramList=paramList modulo=modulo /]
    [#else]
    <span class="valor">[#if vSigla??]${vSigla} - [/#if]${vDescricao}</span>
    [/#if]
[/#macro]

[#macro pessoa titulo var reler=false relertab="" buscarFechadas=false idAjax="" default="" obrigatorio=false paramList=""]
    [#if buscarFechadas]
        [@assign paramList = "buscarFechadas=true" /]
    [/#if]
    [@selecionavel tipo="pessoa" titulo=titulo var=var reler=reler idAjax=idAjax relertab=relertab paramList=paramList obrigatorio=obrigatorio /]
[/#macro]

[#macro cosignatario titulo var reler=false relertab="" buscarFechadas=false idAjax="" default="" obrigatorio=false paramList=""]
    [#if buscarFechadas]
        [@assign paramList = "buscarFechadas=true" /]
    [/#if]
    [@selecionavel tipo="cosignatario" titulo=titulo var=var reler=reler idAjax=idAjax relertab=relertab paramList=paramList obrigatorio=obrigatorio /]
[/#macro]

[#macro funcao titulo var reler=false relertab="" buscarFechadas=false idAjax="" default="" obrigatorio=false paramList=""]
    [@selecionavel tipo="funcao" titulo=titulo var=var reler=reler relertab=relertab paramList=paramList obrigatorio=obrigatorio /]
[/#macro]

[#macro lotacao titulo var reler=false relertab="" buscarFechadas=false idAjax="" default="" obrigatorio=false paramList=""]
    [@selecionavel tipo="lotacao" titulo=titulo var=var reler=reler relertab=relertab paramList=paramList obrigatorio=obrigatorio /]
[/#macro]

[#macro data titulo var reler=false idAjax="" default="" obrigatorio=false]
    [#if reler == true && idAjax != ""]
            [#local jreler = " sbmt(''" + idAjax + "'');\""]
    [#elseif reler == true]
            [#local jreler = " sbmt();\""]
    [/#if]

    [#local v = .vars[var]!default]

[#if (alerta!"Não") = ''Sim'' && v = ""]
    [#list obrigatorios?split(",") as campo]
         [#if campo == var]
         [#local vermelho = "color:red"]
             [/#if]
        [/#list]
    [/#if]

    [#if obriga','WE8ISO8859P1'));
	dbms_lob.append(dest_blob, src_blob);
	src_blob := utl_raw.cast_to_raw(convert('torio]
    [#local negrito = "font-weight:bold"]
    <input type="hidden" name="obrigatorios" value="${var}" />
    [/#if]

    [#if titulo?? && titulo != ""]<span style="${negrito!};${vermelho!}">${titulo}</span>[/#if]

    [#if !gerar_formulario!false]
        <input type="hidden" name="vars" value="${var}" />
        <input type="text" name="${var}" value="${v}" size="10" maxlength="10" onblur="javascript:verifica_data(this[#if !obrigatorio], ''Sim''[/#if]);${jreler!}" />
    [#else]
    <span class="valor">${v}</span>
    [/#if]
[/#macro]

[#macro letra tamanho]
    [#local body][#nested/][/#local]
    <span style="font-size:${tamanho}">
        ${func.fixFontSize(body,tamanho)}
    </span>
[/#macro]

[#macro fixcrlf var=""]
    ${(var?replace("\r\f", "<br/>"))?replace("\n", "<br/>")} 
[/#macro]

[#macro primeiroCabecalho]
    <!-- INICIO PRIMEIRO CABECALHO
        [#nested/]
    FIM PRIMEIRO CABECALHO -->
[/#macro]

[#macro cabecalho]
    <!-- INICIO CABECALHO
        [#nested/]
    FIM CABECALHO -->
[/#macro]

[#macro primeiroRodape]
    <!-- INICIO PRIMEIRO RODAPE
        [#nested/]
    FIM PRIMEIRO RODAPE -->
[/#macro]

[#macro rodape]
    <!-- INICIO RODAPE
        [#nested/]
    FIM RODAPE -->
[/#macro]

[#macro aberturaBIE]
    <!-- INICIO ABERTURA -->
        [#nested/]
    <!-- FIM ABERTURA -->
[/#macro]

[#macro corpoBIE]
    <!-- INICIO CORPO -->
        [#nested/]
    <!-- FIM CORPO -->
[/#macro]

[#macro fechoBIE]
    <!-- INICIO FECHO -->
        [#nested/]
    <!-- FIM FECHO -->
[/#macro]

[#macro assinaturaBIE]
    <!-- INICIO ASSINATURA -->
        [#nested/]
    <!-- FIM ASSINATURA -->
[/#macro]

[#macro numeroDJE]
    <!-- INICIO NUMERO -->
        [#nested/]
    <!-- FIM NUMERO -->
[/#macro]

[#macro mioloDJE]
    <!-- INICIO MIOLO -->
        [#nested/]
    <!-- FIM MIOLO -->
[/#macro]

[#macro inicioMioloDJE]
    <!-- INICIO MIOLO -->
[/#macro]

[#macro fimMioloDJE]
    <!-- FIM MIOLO -->
[/#macro]

[#macro tituloDJE]
    <!-- INICIO TITULO 
        [#nested/]
    FIM TITULO -->
[/#macro]

[#macro inicioSubscritor]
    <!-- INICIO SUBSCRITOR [#nested/] -->
[/#macro]


[#macro fimSubscritor]
    <!-- FIM SUBSCRITOR [#nested/] -->
[/#macro]

[#macro cabecalhoCentralizadoPrimeiraPagina]
<table style="float:none; clear:both;" width="100%" align="left" border="0" cellpadding="0"
    cellspacing="0" bgcolor="#FFFFFF">
    <tr bgcolor="#FFFFFF">
        <td width="100%">
        <table width="100%" border="0" cellpadding="2">
            <tr>
                <td width="100%" align="center" valign="bottom"><img src="contextpath/imagens/brasao2.png" width="65" height="65" /></td>
            </tr>
            <tr>
                <td width="100%" align="center">
                <p style="font-family: AvantGarde Bk BT, Arial; font-size: 11pt;">PODER JUDICIÁRIO</p>
                </td>
            </tr>
            <tr>
                <td width="100%" align="center">
                <p style="font-family: Arial; font-size: 10pt; font-weight: bold;">JUSTIÇA FEDERAL</p>
                </td>
            </tr>
            <tr>
                <td width="100%" align="center">
                <p style="font-family: AvantGarde Bk BT, Arial; font-size: 8pt;">
                [#if mov??]
                    ${(mov.lotaTitular.orgaoUsuario.descricaoMaiusculas)!}
                [#else]
                    ${(doc.lotaTitular.orgaoUsuario.descricaoMaiusculas)!}
                [/#if]</p>
                </td>
            </tr>
        </table>
        </td>
    </tr>
</table>
[/#macro]

[#macro cabecalhoCentralizado]
<table width="100%" border="0" cellpadding="0" cellspacing="0" bgcolor="#FFFFFF">
    <tr bgcolor="#FFFFFF">
        <td width="100%">
        <table width="100%" border="0" cellpadding="2">
            <tr>
                <td width="100%" align="center">
   ','WE8ISO8859P1'));
	dbms_lob.append(dest_blob, src_blob);
	src_blob := utl_raw.cast_to_raw(convert('             <p style="font-family: AvantGarde Bk BT, Arial; font-size: 11pt;">PODER JUDICIÁRIO</p>
                </td>
            </tr>
            <tr>
                <td width="100%" align="center">
                <p style="font-family: Arial; font-size: 10pt; font-weight: bold;">JUSTIÇA FEDERAL</p>
                </td>
            </tr>
            <tr>
                <td width="100%" align="center">
                <p style="font-family: AvantGarde Bk BT, Arial; font-size: 8pt;">
                [#if mov??]
                    ${(mov.lotaTitular.orgaoUsuario.descricaoMaiusculas)!}
                [#else]
                    ${(doc.lotaTitular.orgaoUsuario.descricaoMaiusculas)!}
                [/#if]</p>
                </td>
            </tr>
        </table>
        </td>
    </tr>
</table>
[/#macro]

[#macro cabecalhoEsquerdaPrimeiraPagina]
<table width="100%" align="left" border="0">
    <tr>
        <td align="left" valign="bottom" width="15%"><img src="contextpath/imagens/brasao2.png" width="65" height="65" /></td>
        <td align="left" width="1%"></td>
        <td width="84%">
        <table align="left" width="100%">
            <tr>
                <td width="100%" align="left">
                <p style="font-family: AvantGarde Bk BT, Arial; font-size: 11pt;">PODER JUDICIÁRIO</p>
                </td>
            </tr>
            <tr>
                <td width="100%" align="left">
                <p style="font-family: Arial; font-size: 10pt; font-weight: bold;">JUSTIÇA FEDERAL</p>
                </td>
            </tr>
            <tr>
                <td width="100%" align="left">
                <p style="font-family: AvantGarde Bk BT, Arial; font-size: 8pt;">
                [#if mov??]
                    ${(mov.lotaTitular.orgaoUsuario.descricaoMaiusculas)!}
                [#else]
                    ${(doc.lotaTitular.orgaoUsuario.descricaoMaiusculas)!}
                [/#if]</p>
                </td>
            </tr>
        </table>
        </td>
    </tr>
</table>
[/#macro]

[#macro cabecalhoEsquerda]
<table width="100%" border="0" bgcolor="#FFFFFF">
    <tr bgcolor="#FFFFFF">
        <td width="100%">
        <table width="100%">
            <tr>
                <td width="100%" align="left">
                <p style="font-family: AvantGarde Bk BT, Arial; font-size: 11pt;">PODER JUDICIÁRIO</p>
                </td>
            </tr>
            <tr>
                <td width="100%" align="left">
                <p style="font-family: Arial; font-size: 10pt; font-weight: bold;">JUSTIÇA FEDERAL</p>
                </td>
            </tr>
            <tr>
                <td width="100%" align="left">
                <p style="font-family: AvantGarde Bk BT, Arial; font-size: 8pt;">
                [#if mov??]
                    ${(mov.lotaTitular.orgaoUsuario.descricaoMaiusculas)!}
                [#else]
                    ${(doc.lotaTitular.orgaoUsuario.descricaoMaiusculas)!}
                [/#if]<br />
                 </p>
                </td>
            </tr>
        </table>
        </td>
    </tr>
</table>
[/#macro]

[#macro rodapeClassificacaoDocumental somenteTR=false]
[#if !somenteTR]
<table align="left" width="100%" bgcolor="#FFFFFF">
[/#if]
<tr>
<td width="70%" ></td>
<td width="30%" >
<table align="right" width="100%" border="1" style="border-color: black; border-spacing: 0px; border-collapse: collapse" bgcolor="#000000">
<tr>
<td align="center" width="60%" style="border-collapse: collapse; border-color: black; font-family:Arial; font-size:8pt;" bgcolor="#FFFFFF">
 <i>Classif. documental</i>
</td>
<td align="center" width="40%" style="border-collapse: collapse; border-color: black; font-family:Arial;font-size:8pt;" bgcolor="#FFFFFF">
    ${(doc.exClassificacao.sigla)!}
</td>
</tr>
</table>
</td>
</tr>
[#if !somenteTR]
</table>
[/#if]
[/#macro]

[#macro rodapeNume','WE8ISO8859P1'));
	dbms_lob.append(dest_blob, src_blob);
	src_blob := utl_raw.cast_to_raw(convert('racaoADireita]
<table width="100%" border="0" cellpadding="0" bgcolor="#FFFFFF">
    <tr>
        <td width="100%" align="right">#pg</td>
    </tr>
</table>
[/#macro]

[#macro rodapeNumeracaoCentralizada]
<table width="100%" border="0" cellpadding="0" cellspacing="0" bgcolor="#FFFFFF">
    <tr>
        <td width="100%" align="center">#pg</td>
    </tr>
</table>
[/#macro]

[#macro assinaturaCentro formatarOrgao=false]
[@assinaturaBIE]
<p style="font-family: Arial; font-size: 11pt;" align="center">
    [#if (doc.subscritor)??]
       [@inicioSubscritor]${(doc.subscritor.idPessoa)!}[/@inicioSubscritor]
    [/#if]
    [#if (doc.nmSubscritor)??]
        ${doc.nmSubscritor}
    [#else]
        ${(doc.subscritor.descricao)!}
    [/#if]
    [#if !apenasNome??] 
        <br />
        [#if apenasCargo??]
                ${(doc.subscritor.cargo.nomeCargo)!}
        [#else]
            [#if (doc.nmFuncao)??]
                ${doc.nmFuncao}
            [#elseif (doc.titular.funcaoConfianca.nomeFuncao)??]
                ${doc.titular.funcaoConfianca.nomeFuncao}
                [#if (doc.titular.idPessoa)! != (doc.subscritor.idPessoa)!] EM EXERCÍCIO [/#if]
            [#elseif (doc.subscritor.funcaoConfianca.nomeFuncao)??]
                ${doc.subscritor.funcaoConfianca.nomeFuncao}
            [#else]
                ${(doc.subscritor.cargo.nomeCargo)!}
            [/#if]
        [/#if]
         
        [#if formatarOrgao]
            <br>
            [#if (doc.nmLotacao)??]
                ${doc.nmLotacao}
            [#else]
                ${(doc.titular.lotacao.nomeLotacao)!}
            [/#if]
        [/#if]
        [#if (doc.subscritor)??]
            [@fimSubscritor]${(doc.subscritor.idPessoa)}[/@fimSubscritor]
        [/#if]
        
                [#if (doc.mobilGeral.exMovimentacaoSet)??]
        [#list doc.mobilGeral.exMovimentacaoSet as mov]
                    [#if (mov.exTipoMovimentacao.idTpMov)! == 24]
                        [@inicioSubscritor]${(mov.subscritor.idPessoa)}[/@inicioSubscritor]
                        <br/><br/><br/>
                        [#if mov.nmSubscritor??]
                            ${mov.nmSubscritor}
                        [#else]
                            ${(mov.subscritor.nomePessoa)!}
                        [/#if]      
                        <br>
                        [#if mov.nmFuncao??]
                            ${mov.nmFuncao}
                        [#elseif (mov.titular.funcaoConfianca.nomeFuncao)??]
                            ${mov.titular.funcaoConfianca.nomeFuncao} 
                                [#if substituicao!false && ((doc.titular.idPessoa)!-1) != ((doc.subscritor.idPessoa)!-1)] EM EXERCÍCIO [/#if]
                        [#elseif (mov.subscritor.funcaoConfianca.nomeFuncao)??]
                            ${mov.subscritor.funcaoConfianca.nomeFuncao}
                        [#else]
                            ${(mov.subscritor.cargo.nomeCargo)!}
                        [/#if]
                        [#if formatarOrgao]
                            <br>
                            [#if mov.nmLotacao??]
                                ${mov.nmLotacao}
                            [#else]
                                ${mov.titular.lotacao.nomeLotacao}
                            [/#if]
                        [/#if]
                        [@fimSubscritor]${(mov.subscritor.idPessoa)}[/@fimSubscritor]
            [/#if]
        [/#list]
            [/#if]
    [/#if]
    [#if textoFinal??]
        <br/>${textoFinal}
    [/#if]
</p>
[/@assinaturaBIE]
[/#macro]

[#macro assinaturaMovCentro formatarOrgao=false]
<!-- INICIO ASSINATURA -->
<p style="font-family: Arial; font-size: 11pt;" align="center">
    [#list doc.mobilGeral.exMovimentacaoSet as movim]
        [#if movim.exTipoMovimentacao.idTpMov == 24 && ((mov.titular?? && movim.titular?? && mov.titular.idPessoa == movim.t','WE8ISO8859P1'));
	dbms_lob.append(dest_blob, src_blob);
	src_blob := utl_raw.cast_to_raw(convert('itular.idPessoa) || (mov.subscritor?? && movim.subscritor?? && mov.subscritor.idPessoa == movim.subscritor.idPessoa)) && movim.descrMov??]
            [local funcSubscrDoc = movim.descrMov /]
        [/#if]
    [/#list]
    <p align="center" style="font-family:Arial;font-size:11pt;">${(mov.subscritor.descricao)!}<br />
    [#if mov.nmFuncao??]
        ${mov.nmFuncao}
    [#elseif mov.titular?? && doc.titular?? && mov.titular.idPessoa == doc.titular.idPessoa && doc.nmFuncao??]
        ${doc.nmFuncao}
    [#elseif mov.subscritor?? && doc.subscritor?? && mov.subscritor.idPessoa == doc.subscritor.idPessoa && doc.nmFuncao??]
        ${doc.nmFuncao}
    [#elseif funcSubscrDoc??]
        ${funcSubscrDoc}
    [#elseif (mov.titular.funcaoConfianca.nomeFuncao)??]
        ${mov.titular.funcaoConfianca.nomeFuncao} ${(mov.titular.idPessoa != mov.subscritor.idPessoa)?string(''EM EXERCÍCIO'', '''')}
    [#elseif (mov.subscritor.funcaoConfianca.nomeFuncao)??]
        ${mov.subscritor.funcaoConfianca.nomeFuncao}
    [#else]
        ${(mov.subscritor.cargo.nomeCargo)!}
    [/#if]
    <br/>
    [#if mov.nmLotacao??]
        ${mov.nmLotacao}
    [#else]
        ${(mov.titular.lotacao.nomeLotacao)!}
    [/#if]

    [#if textoFinal??]
    <br/>${textoFinal}
    [/#if]
</p>
<!-- FIM ASSINATURA -->
[/#macro]

[#macro estiloBrasaoAEsquerda tipo exibeData=true tamanhoLetra="11pt" obs="" omitirCodigo=false]
    [@primeiroCabecalho]
    <table width="100%" border="0" bgcolor="#FFFFFF"><tr><td>
    [@cabecalhoEsquerdaPrimeiraPagina/]
    </td></tr>
        <tr bgcolor="#FFFFFF">
            <td width="100%">
                <table width="100%">
                    <tr>
                       <td align="right">
                         [#if !omitirCodigo]                           
                           <p style="font-family:Arial;font-weight:bold;font-size:11pt;">${tipo} N&ordm; ${(doc.codigo)!}</p>
                         [/#if]
                       </td>
                    </tr>
                    
                    [#if exibeData]
                    <tr>
                        <td align="right">[@letra tamanho="11pt"]<p>${(doc.dtExtenso)!}</p>[/@letra]</td>
                    </tr>                    
                    [/#if]
                </table>
            </td>
        </tr>
    </table>
    [/@primeiroCabecalho]

    [@cabecalho]
    [@cabecalhoEsquerda/]
    [/@cabecalho]

    [@letra tamanho=tamanhoLetra]
        <p>&nbsp;</p>
                [#nested]
        <p>&nbsp;</p>
        [@assinaturaCentro/]
    [/@letra]
        [#if obs != ""]
                <p>&nbsp;</p>
                ${obs}
        [/#if]
    [@primeiroRodape]
    [@rodapeClassificacaoDocumental/]
    [/@primeiroRodape]

    [@rodape]
    [@rodapeNumeracaoADireita/]
    [/@rodape]
[/#macro]


[#-- Nato: Remover essa versão antiga. A nova macro está abaixo --]
[#macro estiloBrasaoCentralizado tipo tamanhoLetra="11pt" formatarOrgao=true numeracaoCentralizada=false dataAntesDaAssinatura=false incluirMioloDJE=false]
    [@primeiroCabecalho]
    [@cabecalhoCentralizadoPrimeiraPagina/]
    [/@primeiroCabecalho]

    [@cabecalho]
    [@cabecalhoCentralizado/]
    [/@cabecalho]

    [@letra tamanho=tamanhoLetra]
            [#if !numeracaoCentralizada]
           
               <p style="font-family:Arial;font-weight:bold;font-size:11pt;"><br/>[@numeroDJE]${tipo} N&ordm; ${(doc.codigo)!}[/@numeroDJE]</p>
                        [#if !dataAntesDaAssinatura]
                <table style="float:none; clear:both;" width="100%" border="0" bgcolor="#FFFFFF">
                <tr>
                    <td align="right">[@letra tamanho="11pt"]<p>[#if mov??]${mov.dtExtenso!}[#else]${doc.dtExtenso!}[/#if]</p>[/@letra]</td>
                </tr>
                </table>
                        [/#if]
           
            [#else]
            <table style="float:none; cl','WE8ISO8859P1'));
	dbms_lob.append(dest_blob, src_blob);
	src_blob := utl_raw.cast_to_raw(convert('ear:both;" width="100%" border="0" bgcolor="#FFFFFF">
                <tr>
                            <td align="center">
                                <p style="font-family:Arial;font-weight:bold;font-size:11pt;"><br/>
                                 [@numeroDJE]${tipo} N&ordm; ${(doc.codigo)!}[/@numeroDJE]
                                [#if !dataAntesDaAssinatura && doc?? && doc.dtD??]
                                    de ${doc.dtD} de ${doc.dtMMMM} de ${doc.dtYYYY}</p>
                                [/#if]
                            </td>
                </tr>
            </table>
            [/#if]
            [@tituloDJE]
		${(doc.codigo)!}
            [/@tituloDJE]
            [#if incluirMioloDJE]
               [@mioloDJE]
                 [#nested]
                 [#if dataAntesDaAssinatura]<p style="font-family:Arial;font-size:11pt;text-align:center" >[#if mov??]${mov.dtExtenso!}[#else]${doc.dtExtenso!}[/#if]</p>[/#if]
                 <p>&nbsp;</p>
                 [#if mov??]
                 [@assinaturaMovCentro formatarOrgao=formatarOrgao/]
                 [#else]
                 [@assinaturaCentro formatarOrgao=formatarOrgao/]
                 [/#if]
               [/@mioloDJE]
            [#else]
                 [#nested]
                 [#if dataAntesDaAssinatura]<p style="font-family:Arial;font-size:11pt;text-align:center" >[#if mov??]${mov.dtExtenso!}[#else]${doc.dtExtenso!}[/#if]</p>[/#if]
                 <p>&nbsp;</p>
                 [#if mov??]
                 [@assinaturaMovCentro formatarOrgao=formatarOrgao/]
                 [#else]
                 [@assinaturaCentro formatarOrgao=formatarOrgao/]
                 [/#if]
            [/#if]  
    [/@letra]
    [@primeiroRodape]
    [@rodapeClassificacaoDocumental/]
    [/@primeiroRodape]

    [@rodape]
    [@rodapeNumeracaoADireita/]
    [/@rodape]
[/#macro]

[#macro estiloBrasaoCentralizado tipo tamanhoLetra="11pt" formatarOrgao=true numeracaoCentralizada=false dataAntesDaAssinatura=false incluirMioloDJE=false omitirCodigo=false omitirData=false topoPrimeiraPagina='''']
    [@primeiroCabecalho]${topoPrimeiraPagina!}
    [@cabecalhoCentralizadoPrimeiraPagina/]
    [/@primeiroCabecalho]
    [@cabecalho]
    [@cabecalhoCentralizado/]
    [/@cabecalho]
    [@letra tamanhoLetra]
        [#if !numeracaoCentralizada]
              <table style="float:none; clear:both;" width="100%" border="0" bgcolor="#FFFFFF">
              <tr>
              <td align="left">
              [#if !omitirCodigo]
                    <p style="font-family:Arial;font-weight:bold;font-size:11pt;"><br/>[@numeroDJE]${tipo}[#if tipo != ""] N&ordm; ${(doc.codigo)!} [/#if] [/@numeroDJE]</p>
              [/#if]
              </td>
              </tr>
              [#if !dataAntesDaAssinatura && !omitirData]
                    <tr>
                    <td align="right">[@letra tamanho="11pt"]<p>[#if mov??]${mov.dtExtenso!}[#else]${doc.dtExtenso!}[/#if]</p>[/@letra]</td>
                    </tr>
              [/#if]
              </table>
        [#else]
              <table style="float:none; clear:both;" width="100%" border="0" bgcolor="#FFFFFF">
              <tr>
              <td align="center">
                  <p style="font-family:Arial;font-weight:bold;font-size:11pt;"><br/>
                  [@numeroDJE] [#if tipo != ""] ${tipo} N&ordm; ${(doc.codigo)!} [/#if] [/@numeroDJE]
                  [#if !dataAntesDaAssinatura && doc?? && doc.dtD??] de ${doc.dtD} de ${doc.dtMMMM} de ${doc.dtYYYY}[/#if]</p>
              </td>
              </tr>
              </table>
        [/#if]
        [@tituloDJE]
            ${(doc.codigo)!}
        [/@tituloDJE]
        [#if incluirMioloDJE]
            [@mioloDJE]
            [#nested]
            [#if dataAntesDaAssinatura]<p style="text-align:center">[#if mov??]${mov.dtExtenso!}[#else]${doc.dtExtenso!}[/#if]</p>[/#if]
            <p>&','WE8ISO8859P1'));
	dbms_lob.append(dest_blob, src_blob);
	src_blob := utl_raw.cast_to_raw(convert('nbsp;</p>
            [#if mov??]
                [@assinaturaMovCentro formatarOrgao=formatarOrgao/]
            [#else]
                [@assinaturaCentro formatarOrgao=formatarOrgao/]
            [/#if]
            [/@mioloDJE]
        [#else]
            [#nested]
            [#if dataAntesDaAssinatura]<p style="text-align:center">[#if mov??]${mov.dtExtenso!}[#else]${doc.dtExtenso!}[/#if]</p>[/#if]
            <p>&nbsp;</p>
            [#if mov??]
                [@assinaturaMovCentro formatarOrgao=formatarOrgao/]
            [#else]
                [@assinaturaCentro formatarOrgao=formatarOrgao/]
            [/#if]
        [/#if]  
   [/@letra]

   [@primeiroRodape]
   [@rodapeClassificacaoDocumental/]
   [/@primeiroRodape]
   [@rodape]
   [@rodapeNumeracaoADireita/]
   [/@rodape]
[/#macro]

[#macro processo]
    [#assign _topoPrimeiraPagina]
		<table width="100%" border="0" cellpadding="0" cellspacing="0">
			<tr>
				<td>
					<table border="0" align="center" bgcolor="#ffffff" width="100%">
						<tr>
							<td width="20%" bgcolor="#787878"></td>
							<td width="60%" align="center" style=" font: bold; font-size: 14pt"><b>PROCESSO&nbsp;ADMINISTRATIVO</b></td>
							<td width="20%" bgcolor="#787878"></td>
						</tr>
					</table>
				</td>
			<tr>
			<tr bgcolor="#FFFFFF">
				<td cellpadding="5">
					&nbsp;
				</td>
			</tr>
		</table>
    [/#assign]
[@estiloBrasaoCentralizado tipo=''EOF'' tamanhoLetra=''14pt'' formatarOrgao=true omitirCodigo=true omitirData=true topoPrimeiraPagina=_topoPrimeiraPagina]
  
	<br />
<table align="center" width="60%" border="1" cellspacing="1" bgcolor="#000000">
	<tr>
		<td width="30%" bgcolor="#FFFFFF" align="center"><br />
		<b>Processo N&ordm;</b><br />
		<br /></td>
	</tr>
	<tr>
		<td bgcolor="#FFFFFF" align="center"><br />
		${(doc.codigo)!}</td>
	</tr>
</table>
  
<br />
<br />
<table align="center" width="50%" border="1" cellspacing="1"
	bgcolor="#000000">
	<tr>
		<td bgcolor="#FFFFFF" align="center"><br />
		<b>Data de abertura</b><br />
		<br /></td>
		<td bgcolor="#FFFFFF" align="center">${(doc.dtDocDDMMYYYY)!}</td>
	</tr>
</table>
<br />
<br />

<table align="center" width="85%" border="1" cellspacing="1"
	bgcolor="#000000">
	<tr>
		<td bgcolor="#FFFFFF" align="center"><b>OBJETO</b></td>
	</tr>
	<tr>
		<td bgcolor="#FFFFFF" align="center"><br />
		${(doc.descrDocumento)!}<br /></td>
	</tr>
</table>
[/@estiloBrasaoCentralizado]
[/#macro]

[#macro memorando texto fecho="Atenciosamente," tamanhoLetra="Normal" _tipo="MEMORANDO"]
    [#if tamanhoLetra! == "Normal"]
        [#assign tl = "11pt" /]
    [#elseif tamanhoLetra! == "Pequeno"]
        [#assign tl = "9pt" /]
    [#elseif tamanhoLetra! == "Grande"]
        [#assign tl = "13pt" /]
    [#else]     
        [#assign tl = "11pt"]
    [/#if]

        [@estiloBrasaoCentralizado tipo=_tipo tamanhoLetra=tl formatarOrgao=false]
                <p align="left">
                     De: [#if (doc.nmLotacao)??]${doc.nmLotacao}[#else]${(doc.titular.lotacao.nomeLotacao)!}[/#if]<br/> 
                     Para: ${(doc.destinatarioString)!}<br>
                     Assunto: ${(doc.exClassificacao.descrClassificacao)!}</p>
        <span style="font-size: ${tl}"> ${texto!} </span>
                <p style="align: justify; TEXT-INDENT: 2cm">${fecho}</p>
        [/@estiloBrasaoCentralizado]
[/#macro]


[#macro provimento texto="" abertura="" tamanhoLetra="Normal" _tipo="PROVIMENTO" ementa="" titulo="" subtitulo=""]

    [#-- Versão modificada da macro portaria --]

    [#if tamanhoLetra! == "Normal"]
        [#assign tl = "11pt" /]
    [#elseif tamanhoLetra! == "Pequeno"]
        [#assign tl = "9pt" /]
    [#elseif tamanhoLetra! == "Grande"]
       [#assign tl = "13pt" /]
    [#else]
       [#assign tl = "11pt"]
    [/#if]
    [@br/]
    [@estiloBrasaoCentralizadoTrf tipo=_tipo tamanhoLetra=tl formatarOrgao=true nume','WE8ISO8859P1'));
	dbms_lob.append(dest_blob, src_blob);
	src_blob := utl_raw.cast_to_raw(convert('racaoCentralizada=true]
      [@inicioMioloDJE]
      [/@inicioMioloDJE] 
       [#if ementa != ""]
	    <table style="float:none;" width="100%" border="0" cellpadding="2" cellspacing="0" bgcolor="#FFFFFF">
	        <tr>
	        <td align="left" width="50%"></td>
	        <td align="left" width="50%" style="font-family: Arial; font-size: ${tl};"><br/><p align="justify">${ementa!}</p></td>
	        </tr>
	    </table>
	    [@br/][@br/]
	[/#if]
	<div style="font-family: Arial; font-size: ${tl};">
	[#if abertura != ""]
	    [@br/][@br/]
	    [@aberturaBIE] 
	        ${abertura!}
	    [/@aberturaBIE]
	[/#if]
	[@corpoBIE]
	    [#if titulo != ""][@br/]<center><b>${titulo}</b></center>[@br/][/#if]
	    [#if subtitulo != ""]<center><b>${subtitulo}</b></center>[@br/][/#if]
	    [@br/]${texto}
	[/@corpoBIE]
	<p style="font-family: Arial; font-size: ${tl}; font-weight: bold;" align="center">
	[@fechoBIE]
	   [@br/]
	   [#if _tipo != "ORDEM DE SERVIÇO"]
		  PUBLIQUE-SE. REGISTRE-SE. 
	   [/#if]
	   CUMPRA-SE.
	[/@fechoBIE]
	</p>
	</div>
      [/@estiloBrasaoCentralizadoTrf]
[/#macro]

[#macro portaria texto abertura="" tamanhoLetra="Normal" _tipo="PORTARIA" dispoe_sobre=""]
    [#if tamanhoLetra! == "Normal"]
        [#assign tl = "11pt" /]
    [#elseif tamanhoLetra! == "Pequeno"]
        [#assign tl = "9pt" /]
    [#elseif tamanhoLetra! == "Grande"]
        [#assign tl = "13pt" /]
    [#else]     
        [#assign tl = "11pt"]
    [/#if]
    [@estiloBrasaoCentralizado tipo=_tipo tamanhoLetra=tl formatarOrgao=false numeracaoCentralizada=true incluirMioloDJE=true]
            [#if dispoe_sobre != ""]     
              <table style="float:none;" width="100%" border="0" cellpadding="2" cellspacing="0" bgcolor="#FFFFFF">
                  <tr>
                      <td align="left" width="50%"></td>
                    <td align="left" width="50%" style="text-align: justify; font-family: Arial; font-size: ${tl};"><br/>Dispõe sobre ${dispoe_sobre!}</td>
                  </tr>
              </table>
            <br/>
            [/#if]
            
            <div style="font-family: Arial; font-size: ${tl};">
                [#if abertura != ""] 
                    [@aberturaBIE]
                        ${abertura!}
                    [/@aberturaBIE]
                [/#if]
                [@corpoBIE]
                    ${texto!}
                [/@corpoBIE]
                <span style="font-family: Arial; font-size: ${tl}"><center>
                [@fechoBIE]
                    PUBLIQUE-SE. REGISTRE-SE. CUMPRA-SE.</center></span></p>
                [/@fechoBIE]
                </center></span></p>
            </div>            
     [/@estiloBrasaoCentralizado]
[/#macro]

[#macro quebraPagina]
<div style="PAGE-BREAK-AFTER: always"/>
[/#macro]

[#macro oficio _texto="" _tipo_autoridade="" _genero="" _vocativo="" _enderecamento_dest="" _nome_dest="" 
    _cargo_dest="" _orgao_dest="" _endereco_dest="" _fecho="" _tamanho_letra="" _autoridade={} _tipo="OFÍCIO"]
    [#if _autoridade?size > 0]
        [#local _vocativo=_autoridade.vocativo /]
        [#local _enderecamento_dest=_autoridade.enderecamento /]
        [#local _nome_dest=_autoridade.nome /]
        [#local _cargo_dest=_autoridade.cargo /]
        [#local _orgao_dest=_autoridade.orgao /]
        [#local _endereco_dest=_autoridade.endereco /]
    [/#if]
    [@entrevista]
        [#if _vocativo!="" && _enderecamento_dest!=""]
        [#elseif (_tipo_autoridade != "" && _genero != "")]
            [#assign tratamento = func.tratamento(_tipo_autoridade,_genero) /]
        [#else]
           [@grupo]
                [@grupo]
                    [#assign tipoAutoridade = tipoAutoridade!"[Nenhum]" /]
                    [@selecao titulo="Tipo de Autoridade" var="tipoAutoridade" opcoes="[Nenhum];Auditor da Justiça Militar;Bispo e Arcebispo;Cardeal;Chefe de Gabinete Civil;Chefe de Gabinete Mi','WE8ISO8859P1'));
	dbms_lob.append(dest_blob, src_blob);
	src_blob := utl_raw.cast_to_raw(convert('litar da Presidência da República;Consultor-Geral da República;Corregedor do Tribunal Regional Federal;Dirigente administrativo e Procurador;Embaixador;Governador de Estado e do Distrito Federal;Juiz Federal;Juiz em geral;Membro do Congresso Nacional;Membro do Supremo Tribunal Federal;Membro do Tribunal Superior;Membro do Tribunal de Contas da União;Membro do Tribunal Regional Federal;Membro do Tribunal de Justiça;Membro da Assembléia Legislativa;Ministro de Estado;Monsenhor, Cônego;Prefeito;Presidente da República;Presidente do Supremo Tribunal Federal;Presidente do Tribunal Superior;Presidente do Tribunal Regional Federal;Presidente do Tribunal de Justiça;Presidente da Assembléia Legislativa;Presidente do Tribunal de Contas da União;Procurador-Geral da República;Procurador-Geral junto ao Tribunal;Secretário de Estado do Governo Estadual;Reitor de Universidade;Vice-Presidente da República;Oficial General das Forças Armadas;[Outros]" reler=true /]
                    [#if tipoAutoridade == "[Nenhum]" || func.verificaGenero(tipoAutoridade) == ''F'']
                        [@selecao titulo="Gênero da Autoridade" var="genero" opcoes="M;F" reler=true /]
                    [#else]
                        [#assign genero = func.verificaGenero(tipoAutoridade) /]
                    [/#if]
    
                    [#if tipoAutoridade != "[Nenhum]"]
                        [#assign tratamento = func.tratamento(tipoAutoridade,genero) /]
                        [#if tratamento??]
                            [@grupo]
                                [@mensagem titulo="Forma de tratamento" texto="${tratamento.formaDeTratamento} (${tratamento.abreviatura})" /]
                            [/@grupo]
                        [/#if]
                    [/#if]
                [/@grupo]
            [/@grupo]
        [/#if]
        
        <!-- Vocativo -->
        [#if _vocativo != ""]
            [@oculto var="vocativo" valor="${_vocativo}" /]
        [#else]
            [#if tratamento??]
                [@grupo]
                    [@checkbox titulo="Especificar manualmente o vocativo" var="especificarVocativo" reler=true /]
                [/@grupo]
            [/#if]
            [#if (!tratamento??) || (especificarVocativo?? && especificarVocativo == ''Sim'')]
                [@grupo]
                    [@texto titulo="Vocativo" var="vocativo" largura="45" /]
                [/@grupo]
            [#else]
                [@oculto var="vocativo" valor="${tratamento.vocativo}" /]
            [/#if]
        [/#if]
        
        <!-- Conteudo -->
        [#if _texto!=""]
            [@oculto var="texto_oficio" valor="${_texto}"/]
        [#else]
            [@grupo titulo="Texto a ser inserido no corpo do ofício"]
                [@grupo]
                    [@editor titulo="" var="texto_oficio" /]
                [/@grupo]
            [/@grupo]
        [/#if]

        <!-- Fecho -->
        [#if _fecho != ""]
            [@oculto var="fecho" valor="${_fecho}"/]
        [#else]
            [@grupo]
                [@texto titulo="Fecho (de acordo com o vocativo)" var="fecho" largura="50" /]
            [/@grupo]
        [/#if]
            [@grupo titulo="Dados do destinatário" esconder=(_enderecamento_dest!="" && _nome_dest!="" && _cargo_dest!="" && _orgao_dest!="" && _endereco_dest!="")]
                <!-- Tratamento -->
                [#if _enderecamento_dest != ""]
                    [@oculto var="enderecamento_dest" valor=_enderecamento_dest /]
                [#else]
                    [#if tratamento??]
                        [@grupo]
                            [@checkbox titulo="Especificar manualmente a forma de endereçamento" var="especificarEnderecamento" reler=true /]
                        [/@grupo]
                    [/#if]
                    [#if !tratamento?? || (especificarEnderecamento?? && especificarEnderecamento == ''Sim'')]
                     ','WE8ISO8859P1'));
	dbms_lob.append(dest_blob, src_blob);
	src_blob := utl_raw.cast_to_raw(convert('   [@grupo]
                            [@texto titulo="Forma de endereçamento" var="enderecamento_dest" largura="45" /]
                        [/@grupo]
                    [#else]
                        [@oculto var="enderecamento_dest" valor="${(tratamento.formaDeEnderecamento)!}" /]
                    [/#if]
                [/#if]
    
                <!-- Nome -->
                [#if _nome_dest != ""]
                    [@oculto var="nome_dest" valor="${_nome_dest}"/]
                [#else]
                    [#if (doc.destinatario.descricao)??]
                        [@grupo]
                            [@checkbox titulo="Especificar manualmente o nome do destinatário" var="especificarNome" reler=true /]
                        [/@grupo]
                    [/#if]
                    [#if !(doc.destinatario.descricao)?? || (especificarNome?? && especificarNome == ''Sim'')]
                        [@grupo]
                            [@texto titulo="Nome" var="nome_dest" largura="60" default="${(doc.destinatario.descricao)!}"/]
                        [/@grupo]
                    [#else]
                        [@oculto var="nome_dest" valor="${(doc.destinatario.descricao)!}" /]
                    [/#if]
                [/#if]
    
                <!-- Cargo -->
                [#if _cargo_dest != ""]
                    [@oculto var="cargo_dest" valor="${_cargo_dest}"/]
                [#else]
                    [#if (doc.destinatario.cargo.nomeCargo)??]
                        [@grupo]
                            [@checkbox titulo="Especificar manualmente o cargo do destinatário" var="especificarCargo" reler=true /]
                        [/@grupo]
                    [/#if]
                    [#if !(doc.destinatario.cargo.nomeCargo)?? || (especificarCargo?? && especificarCargo == ''Sim'')]
                        [@grupo]
                            [@texto titulo="Cargo" var="cargo_dest" largura="60" default="${(doc.destinatario.cargo.nomeCargo)!}" /]
                        [/@grupo]
                    [#else]
                        [@oculto var="cargo_dest" valor="${(doc.destinatario.cargo.nomeCargo)!}" /]
                    [/#if]              
                [/#if]              
    
                <!-- Órgão -->
                [#if _orgao_dest != ""]
                    [@oculto var="orgao_dest" valor="${_orgao_dest}"/]
                [#else]
                    [#if (doc.lotaDestinatario.descricao)??]
                        [#assign orgaoAux = (doc.lotaDestinatario.descricao)! /]
                    [#else]
                        [#if (orgaoExternoDestinatarioSel.descricao)??]
                            [#assign orgaoAux = orgaoExternoDestinatarioSel.descricao /]
                        [/#if]
                    [/#if]
                    [#if orgaoAux??]
                        [@grupo]
                            [@checkbox titulo="Especificar manualmente o órgão do destinatário" var="especificarOrgao" reler=true /]
                        [/@grupo]
                    [/#if]
                    [#if !orgaoAux?? || (especificarOrgao?? && especificarOrgao == ''Sim'')]
                       [@grupo]
                            [@texto titulo="Órgão" var="orgao_dest" largura="60" default="${orgaoAux!}" /]
                       [/@grupo]
                    [#else]
                        [@oculto var="orgao_dest" valor="${orgaoAux}" /]
                    [/#if]
                [/#if]
    
                [#if _endereco_dest != ""]
                    [@oculto var="endereco_dest" valor="${_endereco_dest}"/]
                [#else]
                    [@memo var="endereco_dest" titulo="Endereço" colunas="60" linhas="4" /]
                [/#if]
            [/@grupo]
        [#if _tamanho_letra != ""]
            [@oculto var="tamanhoLetra" valor="${_tamanho_letra}"/]
        [#else]
            [@selecao titulo=','WE8ISO8859P1'));
	dbms_lob.append(dest_blob, src_blob);
	src_blob := utl_raw.cast_to_raw(convert('"Tamanho da letra" var="tamanhoLetra" opcoes="Normal;Pequeno;Grande" /]
        [/#if]
    [/@entrevista]

    [@documento margemDireita="3cm"]
        [#if tamanhoLetra! == "Normal"]
            [#assign tl = "11pt" /]
        [#elseif tamanhoLetra! == "Pequeno"]
            [#assign tl = "9pt" /]
        [#elseif tamanhoLetra! == "Grande"]
            [#assign tl = "13pt" /]
        [#else]     
            [#assign tl = "11pt"]
        [/#if]

        [#if !(func.contains(fecho!'''',''.'')) && !(func.contains(fecho!'''','',''))]
            [#assign virgula ="," /]
        [/#if]
        [@estiloBrasaoCentralizado tipo=_tipo tamanhoLetra=tl formatarOrgao=true]
            <table width="100%" border="0" cellpadding="2" cellspacing="0" bgcolor="#FFFFFF">
                <tr>
                    <td align="left">
                        <table align="left" width="100%" border="0" cellpadding="2" cellspacing="0">
                            <tr><td>[@letra tamanho=tl]<p>${enderecamento_dest!}</p>[/@letra]</td></tr>
                            <tr><td>[@letra tamanho=tl]<p>${nome_dest!}</p>[/@letra]</td></tr>
                            [#if cargo_dest??]
                                <tr><td>[@letra tamanho=tl]<p>${cargo_dest!}</p>[/@letra]</td></tr>
                            [/#if]
                            [#if orgao_dest??]
                                <tr><td>[@letra tamanho=tl]<p>${orgao_dest!}</p>[/@letra]</td></tr>
                            [/#if]
                            [#if endereco_dest??]
                                <tr><td>[@letra tamanho=tl]<p>[@fixcrlf var=endereco_dest! /]</p>[/@letra]</td></tr>
                            [/#if]
                            [#if (doc.exClassificacao.descrClassificacao)??]
                                <tr><td>[@letra tamanho=tl]<p><br/>Assunto: ${(doc.exClassificacao.descrClassificacao)!}</p>[/@letra]</td></tr>
                            [/#if]
                        </table>
                    </td>
                </tr>
            </table>
            [@mioloDJE]
                <div style="font-family: Arial; font-size: 10pt;">
                <p>&nbsp;</p>
                [@corpoBIE]
                    [#if vocativo??]
                        <p align="left" style="font-size: ${tl}; TEXT-INDENT: 2cm">${vocativo!},</p>
                    [/#if]
                    [@letra tamanho=tl]${texto_oficio!}[/@letra]
                [/@corpoBIE]
                [#if fecho??]<p style="font-size: ${tl}; TEXT-INDENT: 2cm">[@fechoBIE]${fecho!}${virgula!}[/@fechoBIE][/#if]</p>
                </div>
           [/@mioloDJE]
        [/@estiloBrasaoCentralizado]
    [/@documento]
[/#macro]



[#macro moeda var titulo="" largura="" maxcaracteres="" idAjax="" reler="" relertab="" obrigatorio="nao" default=""]
    [#if reler == ''ajax'']
        [#local jreler = " onblur=\"javascript: sbmt(''" + idAjax + "'');\""]
    [/#if]

    [#if reler == ''sim'']
        [#local jreler = " onblur=\"javascript: sbmt();\""]
    [/#if]

    [#if relertab == ''sim'']
        [#local jrelertab = " onblur=\"javascript: sbmt();\""]
    [/#if]

    [#if largura?string != ""]
        [#local jlargura = " size=\"" + largura + "\""]
    [/#if]

    [#if maxcaracteres != ""]
        [#local jmaxcaracteres = " maxlength=\"" + maxcaracteres + "\""]
    [/#if]

    [#local v = .vars[var]!""]
    [#if v == ""]
        [#local v = default/]
    [/#if]

    <input type="hidden" name="vars" value="${var}" />

    [#if (alerta!"Não") = ''Sim'' && v = ""]
    [#list obrigatorios?split(",") as campo]
         [#if campo == var]
         [#local vermelho = "color:red"]
             [/#if]
        [/#list]
    [/#if]

    [#if obrigatorio == ''Sim'']
    [#local negrito = "font-weight:bold"]
    <input type="hidden" name="obrigatorios" value="${var}" />
    [/#if]

    [#if titulo != ""]
    <span style="','WE8ISO8859P1'));
	dbms_lob.append(dest_blob, src_blob);
	src_blob := utl_raw.cast_to_raw(convert('${negrito!""};${vermelho!""}">${titulo}:</span>
    [/#if]
    
    [#if !gerar_formulario!false]
    <input onkeypress="return formataReais(this, ''.'' , '','', event)"
    type="text" name="${var}" value="${v}" ${jreler!""}${jrelertab!""}${jlargura!""}${jmaxcaracteres!""}/>
    [#else]
    <span class="valor">${v}</span>
    [/#if]
[/#macro]
[#macro identificacao pessoa="" funcao="" nivelHierarquicoMaximoDaLotacao="" obs="" negrito="nao"]
    [#if pessoa?? && pessoa.sigla != ""]
        [#if negrito == "nao"]
	    ${pessoa.descricao}, 
        [#else]
            <b>${pessoa.descricao}</b>, 
        [/#if]
        [#if negrito == "total"]   
            matrícula n&ordm; <b>${pessoa.sigla}</b>, <b>${pessoa.cargo.nomeCargo}</b>, classe <b>${pessoa.padraoReferencia}</b>, 
	    [#if obs != ""]
	         ${obs},
            [/#if]
            lotado(a) no(a) <b>${(nivelHierarquicoMaximoDaLotacao?? && nivelHierarquicoMaximoDaLotacao != "")?string(func.lotacaoPorNivelMaximo(pessoa.lotacao, nivelHierarquicoMaximoDaLotacao?number).descricao,pessoa.lotacao.descricao)}</b>,
            [#if funcao?? && funcao == "sim" && pessoa.funcaoConfianca != ""] 
                ocupante do(a) cargo em comissão/função comissionada de <b>${pessoa.funcaoConfianca.descricao}</b>,
            [/#if]          
        [#else]
             matrícula n&ordm; ${pessoa.sigla}, ${pessoa.cargo.nomeCargo}, classe ${pessoa.padraoReferencia}, 
	    [#if obs != ""]
	         ${obs},
            [/#if]
            lotado(a) no(a) ${(nivelHierarquicoMaximoDaLotacao?? && nivelHierarquicoMaximoDaLotacao != "")?string(func.lotacaoPorNivelMaximo(pessoa.lotacao, nivelHierarquicoMaximoDaLotacao?number).descricao,pessoa.lotacao.descricao)},
            [#if funcao?? && funcao == "sim" && pessoa.funcaoConfianca?? && pessoa.funcaoConfianca != ""] 
               ocupante do(a) cargo em comissão/função comissionada de ${pessoa.funcaoConfianca.descricao},
            [/#if]          
	[/#if]
    [/#if]
[/#macro]

[#assign _presidente = {
    "genero":"M", 
    "vocativo":"Excelentíssimo Senhor", 
    "vocativo_carta":"Exmo. Sr. Juiz Federal - Diretor do Foro", 
    "enderecamento":"Exmo. Sr. Dr.", 
    "nome":"<DEFINIR_NOME>", 
    "cargo":"<DEFINIR_CARGO>",
    "orgao":"<DEFINIR_ORGAO>",
    "endereco":"Avenida Almirante Barroso, 78 / 13º andar - Centro - Rio de Janeiro/RJ - CEP: 20031-004"} /]
[#assign _secretario_geral = {
    "genero":"F", 
    "vocativo":"Senhora", 
    "vocativo_carta":"Sra. Diretora da Secretaria Geral", 
    "enderecamento":"Sra. Dra.", 
    "nome":"<DEFINIR_NOME>", 
    "cargo":"<DEFINIR_CARGO>",
    "orgao":"<DEFINIR_ORGAO>",
    "endereco":"Avenida Almirante Barroso, 78  - Centro - Rio de Janeiro/RJ - CEP: 20031-004"} /]
[#assign _secretario_rh = {
    "genero":"F", 
    "vocativo":"Senhora", 
    "vocativo_carta":"Sra. Diretora da Subsecretaria de Gestão de Pessoas", 
    "enderecamento":"Sra. Dra.", 
    "nome":"<DEFINIR_NOME>", 
    "cargo":"<DEFINIR_CARGO>",
    "orgao":"<DEFINIR_ORGAO>",
    "endereco":"Avenida Almirante Barroso, 78  - Centro - Rio de Janeiro/RJ - CEP: 20031-004"} /]
[#assign enderecamentoPresidente = "Exmo. Sr. Juiz Federal - Diretor de Foro" /]
[#assign enderecamentoDiretorGeral = "Ilmo(a). Sr(a). Diretor(a)-Geral" /]
[#assign enderecamentoDiretorDeRH = "Ilma. Sra. Diretora da Subsecretaria de Gestão de Pessoas" /]

[#macro dadosComplementares][/#macro]


[#macro extensaoBuscaTextual]
<tr>
    <td class="tdLabel">
                <label class="label" for="fullText">Conteudo:</label>
        </td>
    <td>
                <input type="text" id="fullText" value="${valFullText}" size="80" name="fullText">
        </td>
</tr>
[/#macro]


[#macro extensaoEditor nomeExtensao="" conteudoExtensao=""]
          [#if nomeExtensao == ""]
','WE8ISO8859P1'));
	dbms_lob.append(dest_blob, src_blob);
	src_blob := utl_raw.cast_to_raw(convert('
                  [#local nomeExtensao = nomeExtensaoJsp!"" /]
          [/#if]
          [#if conteudoExtensao == ""]
                  [#local conteudoExtensao = conteudoExtensaoJsp!"" /]
          [/#if]
          [@XStandard nome=nomeExtensao conteudo=conteudoExtensao /]
[/#macro]


[#assign ext_assinatura_com_politica = false /] 
[#assign ext_assinatura_config_remoto = true /]

[#macro extensaoAssinador]    

       [#if lote == ''true'']
          [#assign emLote = "em Lote" /]  
       [#else]
          [#assign emLote = "(Java)" /]
       [/#if]

       [#if botao == ''ambos'']
          <input type="button" name="cmdConfCopia" id="cmdConfCopia" onClick="javascript: incluiApplet(true,false)" value="Autenticar ${emLote!""}" class="gt-btn-large gt-btn-left">
          <input type="button" name="cmdAssinar" id="cmdAssinar" onClick="javascript: incluiApplet(false,false)" value="Assinar ${emLote!""}" class="gt-btn-large gt-btn-left">       
       [#else]
          <input type="button" name="cmdAssinar" id="cmdAssinar" onClick="javascript: incluiApplet(false)" value="Assinar ${emLote!""}" class="gt-btn-large gt-btn-left">
       [/#if]
       [#if !ext_assinatura_config_remoto]
        <input type="button" name="cmdConfigurar" id="cmdConfigurar" onClick="javascript: incluiApplet(false,true)" value="Configurar Assinador" class="gt-btn-large gt-btn-left">
       [/#if]



        <div id="applet"></div>
        
        <script type="text/javascript">                


		function checkAppletStarted(configurar) {
                  
                  var started = false;
                  if (document.applets[''oApplet'']) {
			try {
				started = document.applets[''oApplet''].isStarted();
			} catch (err) {}
                  }
		
                  if (!started){
			window.setTimeout("checkAppletStarted()", 1000);
                  }else{
                    if (configurar) {
			document.applets[''oApplet''].showConfiguration();
                    } else {
                    	document.applets[''oApplet''].markAllDocuments();
                    	document.applets[''oApplet''].signAndSendMarkedDocuments();
                    }
                  }

		} 

		function incluiApplet(copia,configurar){

                  
                  var urlbase= "${request_scheme}://${request_serverName}:${request_localPort}" ;
                  var codebase= urlbase + "/siga-ext-assinatura/applet";
                  var code= "br/com/esec/signapplet/DefaultSignApplet.class";  
                  var nextURL= "${nextURL}";
                  var urlPath= "${urlPath}";
                  var arquivos = "";
                  var action= "${jspServer}";
                  
                   var urlHash;
                  if (${ext_assinatura_com_politica?string(''true'',''false'')})
                    urlHash = "&semmarcas=1";
                  else
                    urlHash = "&semmarcas=1&hash=SHA1";
                  
                  if (copia)
                      action= "${jspServer}" + "?copia=" + copia; 
                  
   
                  
                  if (${lote!""} == true) {
                  
                      if($("input[name^=''chk'']:checked").length == 0){
                           alert(''Nenhum arquivo selecionado'');
                      }else{    
                                            
                           jQuery("input[name^=''chk'']:checked").each(function(index) {
                                arquivos = arquivos + ''<param name="Arquivo.''+index+''" value="''+
                                           $(''input[name="pdf''+this.name+''"]'').val()+''"><param name="url.''+
                                           index+''" value="''+ urlbase + urlPath  +
                                           $(''input[name="url''+this.name+''"]'').val()+urlHash+''"/>''});
		      }
                   }else{','WE8ISO8859P1'));
	dbms_lob.append(dest_blob, src_blob);
	src_blob := utl_raw.cast_to_raw(convert('                  
                      arquivos = ''<param name="Arquivo.0" value="''+
                                       $(''input[name^="pdfchk"]'').val()+''"><param name="url.0" value="''+  urlbase + 
                                  urlPath + $(''input[name^="urlchk"]'').val()+urlHash+''"/>'';
                   }  
                  
                  var parametrosPolitica;
                  if (${ext_assinatura_com_politica?string(''true'',''false'')}) {
                       parametrosPolitica = 
                         '' <param name="addCertificatePath" value="true"/>''
                         + '' <param name="policyAlias" value="ad-rb" />''
                         + '' <param name="policyAliasField" value="POLICY" />''
                         + '' <param name="certificateField" value="CERTIFICATE" />''
                         + '' <param name="policyListURL" value="${request_scheme}://${request_serverName}:${request_localPort}/siga-ext-assinatura/selecionarPolitica" />''
                         + '' <param name="hashAlgorithmField" value="HASH_ALGORITHM" />''
                         + '' <param name="envelopeType" value="cades" />''
                  } else {
                       parametrosPolitica = 
                           '' <param name="digestAlgorithm" value="SHA1"/>''
                         + '' <param name="signingAlgorithm" value="SHA1withRSA"/>'';
                  }

                  var parametrosConfig;
                  if (${ext_assinatura_config_remoto?string(''true'',''false'')}) {
                       parametrosConfig = 
                           '' <param name="config.type" value="remote"/>''
                         + '' <param name="config.field" value="sdk-web-config.properties"/>''
                         + '' <param name="config.download" value="''+codebase+''/sdk-web-config.properties"/>'';
                  } else {
                       parametrosConfig = 
                           '' <param name="config.type" value="local"/>'';
                  }
                  var strApplet=''<applet id="oApplet" codebase="''+codebase+''" code="''+code+''" archive="sdk-web.jar-1-12-0-0" width="1" height="1">''  
                  + '' <param name="cache_archive" value="sdk-web-1-12-0-0.jar"/>''
                  + '' <param name="cache_version" value="1.12.0.0"/>''
                       
                  // var strApplet = '' <applet id="oApplet" type="application/x-java-applet;version=1.6" codebase="''+codebase+''" code="''+code+''" archive="sdk-web.jar" width="1" height="1" pluginspage="http://java.com/download/" scriptable="false">''
                  //       + '' <param name="cache_archive" value="sdk-web.jar"/>''
                  //       + '' <param name="cache_option" value="Plugin">''
                  //       + '' <param name="cache_version" value="1.12.0.0"/>''
                       
                           + '' <param name="sdk-base-version" value="1.12.0.0"/>''
                           + '' <param name="userid" value="sdk-web"/>''
                           + '' <param name="mode" value="1"/>''
                           + '' <param name="autoCommit" value="true" />''
                           + '' <param name="signFunction" value="true" />''
                           + '' <param name="encryptFunction" value="false" />''
                       
                           + '' <param name="checkLibs" value="true"/>'' 
                           + '' <param name="encodedFileCount" value="QTYDATA"/>''
                           + '' <param name="encodedFileId" value="IDDATA"/>''
                           + '' <param name="encodedFileParam" value="ENCDATA"/>''
                           + '' <param name="jspServer" value="''+action+''"/>''
                           + '' <param name="nextURL" value="${nextURL}"/>''
              
                           + '' <param name="allowAddFiles" value="','WE8ISO8859P1'));
	dbms_lob.append(dest_blob, src_blob);
	src_blob := utl_raw.cast_to_raw(convert('false"/>''
                           + '' <param name="allowViewFiles" value="true"/>''
                           + '' <param name="viewGui" value="false"/>''
              
                           + '' <param name="detachedSignature" value="true"/>''

                           + '' <param name="useHashOnly" value="true"/>''
                       
                           + parametrosConfig
                           + parametrosPolitica

                           + '' <param name="colCount" value="1"/>''
                           + '' <param name="colName.0" value="Arquivo" />''
                           + '' <param name="colAlias.0" value="#arquivo" />''+arquivos+''</applet>'';

                  
 
                     try {
			jQuery(''#applet'').html(strApplet);
		     } catch (err) {}    

                     checkAppletStarted(configurar);
             }
        </script>
[/#macro]

[#macro extensaoAssinador_apagar_depois_de_01_2014]    

       [#if lote == ''true'']
          [#assign emLote = "em Lote" /]  
       [#else]
          [#assign emLote = "(Java)" /]
       [/#if]

       [#if botao == ''ambos'']
          <input type="button" name="cmdConfCopia" id="cmdConfCopia" onClick="javascript: incluiApplet(true,false)" value="Conferir Cópia ${emLote!""}" class="gt-btn-large gt-btn-left">
          <input type="button" name="cmdAssinar" id="cmdAssinar" onClick="javascript: incluiApplet(false,false)" value="Assinar ${emLote!""}" class="gt-btn-large gt-btn-left">       
       [#else]
          <input type="button" name="cmdAssinar" id="cmdAssinar" onClick="javascript: incluiApplet(false)" value="Assinar ${emLote!""}" class="gt-btn-large gt-btn-left">
       [/#if]
       [#if !ext_assinatura_config_remoto]
        <input type="button" name="cmdConfigurar" id="cmdConfigurar" onClick="javascript: incluiApplet(false,true)" value="Configurar Assinador" class="gt-btn-large gt-btn-left">
       [/#if]



        <div id="applet"></div>
        
        <script type="text/javascript">                


		function checkAppletStarted(configurar) {
                  
                  var started = false;
                  if (document.applets[''oApplet'']) {
			try {
				started = document.applets[''oApplet''].isStarted();
			} catch (err) {}
                  }
		
                  if (!started){
			window.setTimeout("checkAppletStarted()", 1000);
                  }else{
                    if (configurar) {
			document.applets[''oApplet''].showConfiguration();
                    } else {
                    	document.applets[''oApplet''].markAllDocuments();
                    	document.applets[''oApplet''].signAndSendMarkedDocuments();
                    }
                  }

		} 

		function incluiApplet(copia,configurar){

                  
                  var urlbase= "${request_scheme}://${request_serverName}:${request_localPort}" ;
                  var codebase= urlbase + "/siga-ext-assinatura/applet";
                  var code= "br/com/esec/signapplet/DefaultSignApplet.class";  
                  var nextURL= "${nextURL}";
                  var urlPath= "${urlPath}";
                  var arquivos = "";
                  var action= "${jspServer}";
                  
                  var urlHash;
                  if (${ext_assinatura_com_politica?string(''true'',''false'')})
                    urlHash = "/semmarcas/hash/";
                  else
                    urlHash = "/semmarcas/hashSHA1/";
                  
                  if (copia)
                      action= "${jspServer}" + "?copia=" + copia; 
                  
   
                  
                  if (${lote!""} == true) {
                  
                      if($("input[name^=''chk'']:checked").length == 0){
                           alert(''Nenhum arquivo selecionado'');
                      }else{    
           ','WE8ISO8859P1'));
	dbms_lob.append(dest_blob, src_blob);
	src_blob := utl_raw.cast_to_raw(convert('                                 
                           jQuery("input[name^=''chk'']:checked").each(function(index) {
                                arquivos = arquivos + ''<param name="Arquivo.''+index+''" value="''+
                                           $(''input[name="pdf''+this.name+''"]'').val()+''"><param name="url.''+
                                           index+''" value="''+ urlbase + urlPath + urlHash +
                                           $(''input[name="url''+this.name+''"]'').val()+''"/>''});
		      }
                   }else{                  
                      arquivos = ''<param name="Arquivo.0" value="''+
                                       $(''input[name^="pdfchk"]'').val()+''"><param name="url.0" value="''+  urlbase + 
                                  urlPath + urlHash + $(''input[name^="urlchk"]'').val()+''"/>'';
                   }  
                  
                  var parametrosPolitica;
                  if (${ext_assinatura_com_politica?string(''true'',''false'')}) {
                       parametrosPolitica = 
                         '' <param name="addCertificatePath" value="true"/>''
                         + '' <param name="policyAlias" value="ad-rb" />''
                         + '' <param name="policyAliasField" value="POLICY" />''
                         + '' <param name="certificateField" value="CERTIFICATE" />''
                         + '' <param name="policyListURL" value="${request_scheme}://${request_serverName}:${request_localPort}/siga-ext-assinatura/selecionarPolitica" />''
                         + '' <param name="hashAlgorithmField" value="HASH_ALGORITHM" />''
                         + '' <param name="envelopeType" value="cades" />''
                  } else {
                       parametrosPolitica = 
                           '' <param name="digestAlgorithm" value="SHA1"/>''
                         + '' <param name="signingAlgorithm" value="SHA1withRSA"/>'';
                  }

                  var parametrosConfig;
                  if (${ext_assinatura_config_remoto?string(''true'',''false'')}) {
                       parametrosConfig = 
                           '' <param name="config.type" value="remote"/>''
                         + '' <param name="config.field" value="sdk-web-config.properties"/>''
                         + '' <param name="config.download" value="''+codebase+''/sdk-web-config.properties"/>'';
                  } else {
                       parametrosConfig = 
                           '' <param name="config.type" value="local"/>'';
                  }
                  var strApplet=
                       '' <object id="oApplet"  type="application/x-java-applet;version=1.6"'' 
                           + '' width="1" height="1" pluginspage="http://java.com/download/"''
                           + '' scriptable="false">''
                           + '' <param name="codebase" value="''+codebase+''"/>''
                           + '' <param name="code" value="''+code+''"/>''
                           + '' <param name="archive" value="sdk-web-1-12-0-3.jar"/>''
                      
                           + '' <param name="sdk-base-version" value="1.12.0.3"/>''
                           + '' <param name="userid" value="sdk-web"/>''
                           + '' <param name="mode" value="1"/>''
                           + '' <param name="autoCommit" value="true" />''
                           + '' <param name="signFunction" value="true" />''
                           + '' <param name="encryptFunction" value="false" />''
                       
                           + '' <param name="checkLibs" value="true"/>''
                           + '' <param name="encodedFileCount" value="QTYDATA"/>''
                           + '' <param name="encodedFileId" value="IDDATA"/>''
                           + '' <param name="encodedFileParam" val','WE8ISO8859P1'));
	dbms_lob.append(dest_blob, src_blob);
	src_blob := utl_raw.cast_to_raw(convert('ue="ENCDATA"/>''
                           + '' <param name="jspServer" value="''+action+''"/>''
                           + '' <param name="nextURL" value="${nextURL}"/>''
             
                           + '' <param name="allowAddFiles" value="false"/>''
                           + '' <param name="allowViewFiles" value="true"/>''
                           + '' <param name="viewGui" value="false"/>''
             
                           + '' <param name="detachedSignature" value="true"/>''

                           + '' <param name="useHashOnly" value="true"/>''
                       
                           + parametrosConfig
                           + parametrosPolitica

                           + '' <param name="colCount" value="1"/>''
                           + '' <param name="colName.0" value="Arquivo" />''
                      + '' <param name="colAlias.0" value="#arquivo" />''+arquivos+''</object>'';
                  
 
                     try {
			jQuery(''#applet'').html(strApplet);
		     } catch (err) {}    

                     checkAppletStarted(configurar);
             }
        </script>
[/#macro]


[#macro extensaoAssinador2_apagar_depois_de_01_2014]    
       [#if lote == ''true'']
          [#assign emLote = "em Lote" /]  
       [#else]
          [#assign emLote = "(Java)" /]
       [/#if]

       [#if botao == ''ambos'']
          <input type="button" name="cmdConfCopia" id="cmdConfCopia" onClick="javascript: incluiApplet(true,false)" value="Conferir Cópia ${emLote!""}" class="gt-btn-large gt-btn-left">
          <input type="button" name="cmdAssinar" id="cmdAssinar" onClick="javascript: incluiApplet(false,false)" value="Assinar ${emLote!""}" class="gt-btn-large gt-btn-left">       
       [#else]
          <input type="button" name="cmdAssinar" id="cmdAssinar" onClick="javascript: incluiApplet(false)" value="Assinar ${emLote!""}" class="gt-btn-large gt-btn-left">
       [/#if]
       [#if !ext_assinatura_config_remoto]
        <input type="button" name="cmdConfigurar" id="cmdConfigurar" onClick="javascript: incluiApplet(false,true)" value="Configurar Assinador" class="gt-btn-large gt-btn-left">
       [/#if]



        <div id="applet"></div>
        
        <script type="text/javascript">                


		function checkAppletStarted(configurar) {
                  
                  var started = false;
                  if (document.applets[''oApplet'']) {
			try {
				started = document.applets[''oApplet''].isStarted();
			} catch (err) {}
                  }
		
                  if (!started){
			window.setTimeout("checkAppletStarted()", 1000);
                  }else{
                    if (configurar) {
			document.applets[''oApplet''].showConfiguration();
                    } else {
                    	document.applets[''oApplet''].markAllDocuments();
                    	document.applets[''oApplet''].signAndSendMarkedDocuments();
                    }
                  }

		} 

		function incluiApplet(copia,configurar){

                  
                  var urlbase= "${request_scheme}://${request_serverName}:${request_localPort}" ;
                  var codebase= urlbase + "/siga-ext-assinatura/applet";
                  var code= "br/com/esec/signapplet/DefaultSignApplet.class";  
                  var nextURL= "${nextURL}";
                  var urlPath= "${urlPath}";
                  var arquivos = "";
                  var action= "${jspServer}";
                  
                  var urlHash = '''';
                  //if (${ext_assinatura_com_politica?string(''true'',''false'')})
                  //  urlHash = "/semmarcas/hash/";
                  //else
                  //  urlHash = "/semmarcas/hashSHA1/";
                  
                  if (copia)
                      action= "${jspServer}" + "?copia=" + copia; 
                  
   
   ','WE8ISO8859P1'));
	dbms_lob.append(dest_blob, src_blob);
	src_blob := utl_raw.cast_to_raw(convert('               
                  if (${lote!""} == true) {
                  
                      if($("input[name^=''chk'']:checked").length == 0){
                           alert(''Nenhum arquivo selecionado'');
                      }else{    
                                            
                           jQuery("input[name^=''chk'']:checked").each(function(index) {
                                arquivos = arquivos + ''<param name="Arquivo.''+index+''" value="''+
                                           $(''input[name="pdf''+this.name+''"]'').val()+''"><param name="url.''+
                                           index+''" value="''+ urlbase + urlPath + urlHash +
                                           $(''input[name="url''+this.name+''"]'').val()+''"/>''});
		      }
                   }else{                  
                      arquivos = ''<param name="Arquivo.0" value="''+
                                       $(''input[name^="pdfchk"]'').val()+''"><param name="url.0" value="''+  urlbase + 
                                  urlPath + urlHash + $(''input[name^="urlchk"]'').val()+''?semmarcas=1"/>'';
                   }  
                 
                  var parametrosPolitica;
                  if (${ext_assinatura_com_politica?string(''true'',''false'')}) {
                       parametrosPolitica = 
                         '' <param name="addCertificatePath" value="true"/>''
                         + '' <param name="policyAlias" value="ad-rb" />''
                         + '' <param name="policyAliasField" value="POLICY" />''
                         + '' <param name="certificateField" value="CERTIFICATE" />''
                         + '' <param name="policyListURL" value="${request_scheme}://${request_serverName}:${request_localPort}/siga-ext-assinatura/selecionarPolitica" />''
                         + '' <param name="hashAlgorithmField" value="HASH_ALGORITHM" />''
                         + '' <param name="envelopeType" value="cades" />''
                  } else {
                       parametrosPolitica = 
                           '' <param name="digestAlgorithm" value="SHA1"/>''
                         + '' <param name="signingAlgorithm" value="SHA1withRSA"/>'';
                  }

                  var parametrosConfig;
                  if (${ext_assinatura_config_remoto?string(''true'',''false'')}) {
                       parametrosConfig = 
                           '' <param name="config.type" value="remote"/>''
                         + '' <param name="config.field" value="sdk-web-config.properties"/>''
                         + '' <param name="config.download" value="''+codebase+''/sdk-web-config.properties"/>'';
                  } else {
                       parametrosConfig = 
                           '' <param name="config.type" value="local"/>'';
                  }
                  var strApplet=''<applet id="oApplet" codebase="''+codebase+''" code="''+code+''" archive="sdk-web.jar-1-12-0-0" width="1" height="1">''  
                  + '' <param name="cache_archive" value="sdk-web-1-12-0-0.jar"/>''
                  + '' <param name="cache_version" value="1.12.0.0"/>''
                       
                  // var strApplet = '' <applet id="oApplet" type="application/x-java-applet;version=1.6" codebase="''+codebase+''" code="''+code+''" archive="sdk-web.jar" width="1" height="1" pluginspage="http://java.com/download/" scriptable="false">''
                  //       + '' <param name="cache_archive" value="sdk-web.jar"/>''
                  //       + '' <param name="cache_option" value="Plugin">''
                  //       + '' <param name="cache_version" value="1.12.0.0"/>''
                       
                           + '' <param name="sdk-base-version" value="1.12.0.0"/>''
                           + '' <param name="userid" value="sdk-web"/>''
                           + '' <param','WE8ISO8859P1'));
	dbms_lob.append(dest_blob, src_blob);
	src_blob := utl_raw.cast_to_raw(convert(' name="mode" value="1"/>''
                           + '' <param name="autoCommit" value="true" />''
                           + '' <param name="signFunction" value="true" />''
                           + '' <param name="encryptFunction" value="false" />''
                       
                           + '' <param name="checkLibs" value="true"/>'' 
                           + '' <param name="encodedFileCount" value="QTYDATA"/>''
                           + '' <param name="encodedFileId" value="IDDATA"/>''
                           + '' <param name="encodedFileParam" value="ENCDATA"/>''
                           + '' <param name="jspServer" value="''+action+''"/>''
                           + '' <param name="nextURL" value="${nextURL}"/>''
              
                           + '' <param name="allowAddFiles" value="false"/>''
                           + '' <param name="allowViewFiles" value="true"/>''
                           + '' <param name="viewGui" value="false"/>''
              
                           + '' <param name="detachedSignature" value="true"/>''

                           + '' <param name="useHashOnly" value="true"/>''
                       
                           + parametrosConfig
                           + parametrosPolitica

                           + '' <param name="colCount" value="1"/>''
                           + '' <param name="colName.0" value="Arquivo" />''
                           + '' <param name="colAlias.0" value="#arquivo" />''+arquivos+''</applet>'';

                  
 
                     try {
			jQuery(''#applet'').html(strApplet);
		     } catch (err) {}    

                     checkAppletStarted(configurar);
             }
        </script>
[/#macro]

[#macro complementoHEAD]
[/#macro]

[#macro requerimentoTrf texto fecho="" tamanhoLetra="Normal" _tipo="" vocat=""]

    [#if tamanhoLetra! == "Normal"]
        [#assign tl = "11pt" /]
    [#elseif tamanhoLetra! == "Pequeno"]
        [#assign tl = "9pt" /]
    [#elseif tamanhoLetra! == "Grande"]
        [#assign tl = "13pt" /]
    [#else]     
        [#assign tl = "11pt" /]
    [/#if]

[@estiloBrasaoCentralizadoTrf tipo=_tipo tamanhoLetra=tl formatarOrgao=true dataAntesDaAssinatura=true]
    [@br/]
    <center><b><p>${vocat!}</p></b></center>
    <span style="font-size: tl"> ${texto!}</span>
    <p style="align: justify; TEXT-INDENT: 0cm">${fecho}</p>
[/@estiloBrasaoCentralizadoTrf]

[/#macro]

[#macro cabecalhoCentralizadoPrimeiraPaginaTrf tipo=""]
<table style="float:none; clear:both;" width="100%" align="left" border="0" cellpadding="0"
    cellspacing="0" bgcolor="#FFFFFF">
    <tr bgcolor="#FFFFFF">
        <td width="100%">
        <table width="100%" border="0" cellpadding="2">
            [#if tipo == "PORTARIA EMARF"]
            <tr>
                <td width="100%" align="center" valign="bottom"><img src="contextpath/imagens/brasaoemarf.jpg" width="65" height="65" /></td>
            </tr>
            [#else]
            <tr>
                <td width="100%" align="center" valign="bottom"><img src="contextpath/imagens/brasao2.png" width="65" height="65" /></td>
            </tr>
            
            <tr>
                <td width="100%" align="center">
                <p style="font-family: AvantGarde Bk BT, Arial; font-size: 11pt;">PODER JU','WE8ISO8859P1'));
	dbms_lob.append(dest_blob, src_blob);
	src_blob := utl_raw.cast_to_raw(convert('DICIÁRIO</p>
                </td>
            </tr>
            <tr>
                <td width="100%" align="center">
                <p style="font-family: Arial; font-size: 10pt; font-weight: bold;">JUSTIÇA FEDERAL</p>
                </td>
            </tr>
            
            <tr>
                <td width="100%" align="center">
                <p style="font-family: AvantGarde Bk BT, Arial; font-size: 8pt;">
                [#if mov??]
                    ${(mov.lotaTitular.orgaoUsuario.descricaoMaiusculas)!}
                [#else]
                    ${(doc.lotaTitular.orgaoUsuario.descricaoMaiusculas)!}
                [/#if]</p>
                </td>
            </tr>
            [/#if]
        </table>
        </td>
    </tr>
</table>
[/#macro]

[#macro estiloBrasaoCentralizadoTrf tipo tamanhoLetra="11pt" formatarOrgao=true numeracaoCentralizada=false dataAntesDaAssinatura=false omitirCodigo=false omitirData=false topoPrimeiraPagina='''']
    [@primeiroCabecalho]${topoPrimeiraPagina!}
    [@cabecalhoCentralizadoPrimeiraPaginaTrf tipo/]
    [/@primeiroCabecalho]
    [@cabecalho]
    [@cabecalhoCentralizado/]
    [/@cabecalho]
    [@letra tamanhoLetra]
        [#if !numeracaoCentralizada]
              <table style="float:none; clear:both;" width="100%" border="0" bgcolor="#FFFFFF">
              <tr>
              <td align="left">
              [#if !omitirCodigo]
                <p style="font-family:Arial;align:center;font-weight:bold;font-size:11pt;"><br/>[@numeroDJE][#if tipo != ""] ${tipo} N&ordm; ${(doc.codigo)!} [/#if] [/@numeroDJE]</p>
              [/#if]
              </td>
              </tr>
              [#if !dataAntesDaAssinatura && !omitirData]
                    <tr>
                    <td align="right">[@letra tamanho="11pt"]<p>[#if mov??]${mov.dtExtenso!}[#else]${doc.dtExtenso!}[/#if]</p>[/@letra]</td>
                    </tr>
              [/#if]
              </table>
        [#else]
              <table style="float:none; clear:both;" width="100%" border="0" bgcolor="#FFFFFF">
              <tr>
              <td align="center">
                  <p style="font-family:Arial;font-weight:bold;font-size:11pt;"><br/>
                  [@numeroDJE] [#if tipo != ""] ${tipo} N&ordm; ${(doc.codigo)!} [/#if] [/@numeroDJE]
                  [#if !dataAntesDaAssinatura && doc?? && doc.dtD??] de ${doc.dtD!} de ${doc.dtMMMM!} de ${doc.dtYYYY!}[/#if]</p>
              </td>
              </tr>
              </table>
        [/#if]

        [@tituloDJE]
            <center>${tipo!} ${(doc.codigo)!} de ${doc.dtD!} de ${doc.dtMMMM!} de ${doc.dtYYYY!}</center>
        [/@tituloDJE]        
        [#nested]
        [#if dataAntesDaAssinatura]<p style="text-align:center">[#if mov??]${mov.dtExtenso!}[#else]${doc.dtExtenso!}[/#if]</p>[/#if]
        <p>&nbsp;</p>
        [#if mov??]
              [@assinaturaMovCentro formatarOrgao=formatarOrgao/]
        [#else]
              [@assinaturaCentro formatarOrgao=formatarOrgao/]
        [/#if]
        [@fimMioloDJE]
        [/@fimMioloDJE]

   [/@letra]

   [@primeiroRodape]
   [@rodapeClassificacaoDocumental/]
   [/@primeiroRodape]
   [@rodape]
   [@rodapeNumeracaoADireita/]
   [/@rodape]
[/#macro]

[#macro numero var titulo="" largura="" maxcaracteres="" idAjax="" reler="" relertab="" obrigatorio="nao" default=""]
    [#if reler == ''ajax'']
        [#local jreler = " onblur=\"javascript: sbmt(''" + idAjax + "'');\""]
    [/#if]

    [#if reler == ''sim'']
        [#local jreler = " onblur=\"javascript: sbmt();\""]
    [/#if]

    [#if relertab == ''sim'']
        [#local jrelertab = " onblur=\"javascript: sbmt();\""]
    [/#if]

    [#if largura?string != ""]
        [#local jlargura = " size=\"" + largura + "\""]
    [/#if]

    [#if maxcaracteres != ""]
        [#local jmaxcaracteres = " maxlength=\"" + maxcaracteres + "\""]
    [/#if]

    [#local v = ','WE8ISO8859P1'));
	dbms_lob.append(dest_blob, src_blob);
	src_blob := utl_raw.cast_to_raw(convert('.vars[var]!""]
    [#if v == ""]
        [#local v = default/]
    [/#if]

    <input type="hidden" name="vars" value="${var}" />

    [#if (alerta!"Não") = ''Sim'' && v = ""]
    [#list obrigatorios?split(",") as campo]
         [#if campo == var]
         [#local vermelho = "color:red"]
             [/#if]
        [/#list]
    [/#if]

    [#if obrigatorio == ''Sim'']
    [#local negrito = "font-weight:bold"]
    <input type="hidden" name="obrigatorios" value="${var}" />
    [/#if]

    [#if titulo != ""]
    <span style="${negrito!""};${vermelho!""}">${titulo}:</span>
    [/#if]
    
    [#if !gerar_formulario!false]
    <input onkeypress="javascript: var tecla=(window.event)?event.keyCode:e.which;if((tecla>47 && tecla<58)) return true;  else{  if (tecla==8 || tecla==0) return true;  else  return false;  }" 
 type="text" name="${var}" value="${v}" ${jreler!""}${jrelertab!""}${jlargura!""}${jmaxcaracteres!""}/>
    [#else]
    <span class="valor">${v}</span>
    [/#if]
[/#macro]



[#macro horaMinuto titulo var reler=false idAjax="" default="" alerta=false obrigatorio=false]
    [#if reler == true && idAjax != ""]
            [#local jreler = " sbmt(''" + idAjax + "'');\""]
    [#elseif reler == true]
            [#local jreler = " sbmt();\""]
    [/#if]

    [#local v = .vars[var]!default]

    [#if obrigatorio]
		[#local negrito = "font-weight:bold"]
		<input type="hidden" name="obrigatorios" value="${var}" />
    [/#if]

    [#if titulo?? && titulo != ""]<span style="${negrito!};${vermelho!}">${titulo}</span>[/#if]

    [#if !gerar_formulario!false]
        <input type="hidden" name="vars" value="${var}" />
		<input type="text" name="${var}" value="${v}" size="6" maxlength="5" onblur="javascript:verifica_hora(this, ''Sim'');${jreler!}" />
    [#else]
		<span class="valor">${v}</span>
    [/#if]
[/#macro]

[#macro webservice var url timeout cache=""]
  [#if cache?has_content]
    <input type="hidden" name="vars" value="${cache}" />
  [/#if]
  [#if cache?has_content && .vars[cache]??]
    [#local str=.vars[cache] /]
    <input type="hidden" name="${cache}" value="${str}">
  [#else]
    [#local payload][#nested][/#local]
    [#local str=func.webservice(url,payload,timeout) /]
    <input type="hidden" name="${cache}" value="${str?url('UTF-8')}">
  [/#if]
  [#if str?has_content]
     [#local retornoSource="[#assign " + var + "=func.parseXML(str) /]"/]
  [#else]
     [#local retornoSource="[#assign " + var + "=str /]"/]
  [/#if]
  [#local retornoTemplate = retornoSource?interpret]
  [@retornoTemplate /] 
[/#macro]

[#macro descricao]
   [#if gerar_descricao!false]
    <!-- descricao -->
      [#nested]
    <!-- /descricao -->
   [/#if]
[/#macro]

[#macro classificacao codigo]
   <input type="hidden" name="vars" value="codigoClassificacao" />
   <input type="hidden" id="codigoClassificacao" name="codigoClassificacao" value="${codigo}" />
[/#macro]

[#macro pessoaLotacao titulo var reler=false relertab="" buscarFechadas=false idAjax="" default="" obrigatorio=false paramList=""]
[@selecaoX2 titulo=titulo var=var opcoes="Matrícula;Orgão Integrado" reler=true idAjax=idAjax/]   
    [#if buscarFechadas]
        [@assign paramList = "buscarFechadas=true" /]
    [/#if]
[@grupoX2 depende=idAjax]
  [#if .vars[var] == "Orgão Integrado"]  
[@selecionavel tipo="lotacao" titulo="" var=var reler=reler idAjax=idAjax+"1" relertab=relertab paramList=paramList obrigatorio=obrigatorio /]
  [#else]
[@selecionavel tipo="pessoa" titulo="" var=var reler=reler idAjax=idAjax+"2" relertab=relertab paramList=paramList obrigatorio=obrigatorio /]
  [/#if]
[/@grupoX2]
[/#macro]


[#macro divX2 id="" depende="" suprimirIndependente=false] [#-- macro utilizada na macro pessoaLotacao --]
    [#if suprimirIndependente || depende != ""]
        <div style="float: left" [#if id != ""] id="${id}"[/#if][#if depende != ""] depende=";${depende};"[/#if]>[#if id != ""]<!--ajax:${id}-->[/#if][#nested][#if id != ""]<!--/ajax:${id}-->[/#if]</div>
    [/#if]
[/#macro]

[#macro grupoX2 titulo="" largura=0 depende="" esconder=false]  [#-- macro utilizada na macro pessoaLotacao --]
    [#if !esconder]
    [#local id = (depende=="")?string("", "div" + depende)] 
    [@divX2 id=id depende=depende suprimirIndependente=true]
        [#if largura != 0]
            [#if !grupoLarguraTotal??]
                [#assign grupoLarguraTotal = 0/]
        <table width="100%">
        <tr>
            [/#if]
            [#assign grupoLarguraTotal = grupoLarguraTotal + largura/]
        <td width="${largura}%" valign="top">
        [/#if]
        <table class="entrevista" width="100%">
            [#if titulo != ""]
                <tr class="header">
                    <td>${titulo}</td>
                </tr>
            [/#if]
            <tr>
                <td>[#nested]</td>
            </tr>
        </table>
        [#if largura != 0]
            </td>
            [#if (grupoLarguraTotal >= 100)]
                </td>
','WE8ISO8859P1'));
	dbms_lob.append(dest_blob, src_blob);
	src_blob := utl_raw.cast_to_raw(convert('                </table>
                [#assign grupoLarguraTotal = 0/]
            [/#if]
        [/#if]
    [/@divX2]
    [#else]
        [#nested]
    [/#if]
[/#macro]

[#macro selecaoX2 var titulo opcoes reler=false idAjax="" onclick=""]  [#-- macro utilizada na macro pessoaLotacao --]
    [#local l=opcoes?split(";")]
    [#if .vars[var]??]
        [#local v = .vars[var]/]
    [#else]
        [#local v = l?first/]
                [#assign inlineTemplate = ["[#assign ${var} = v/]", "assignInlineTemplate"]?interpret /]
                [@inlineTemplate/]
        [/#if]
    
<div style="float:left">    ${titulo!""}[#if titulo != ""]:[/#if]

    [#if !gerar_formulario!false]
        <input type="hidden" name="vars" value="${var}" />
        <select name="${var}" [#if reler] onchange="javascript: sbmt([#if idAjax != ""]''${idAjax}''[/#if]);"[/#if] onclick="${onclick}">
                    [#list l as opcao]
                        <option[#if v == opcao] selected[/#if] value="${opcao}">${opcao}</option><br/>
            [/#list]
        </select>
    [#else]
        <span class="valor">${v}</span>
    [/#if]
</div>
[/#macro]','WE8ISO8859P1'));
	dbms_lob.append(dest_blob, src_blob);

commit;
END;
/





