CREATE FUNCTION REMOVE_ACENTO( VARCHAR(1000) ) RETURNS VARCHAR(1000) PARAMETER STYLE JAVA NO SQL LANGUAGE JAVA EXTERNAL NAME 'br.gov.jfrj.siga.base.Texto.removeAcentoMaiusculas';


Insert into CORPORATIVO.CP_SITUACAO_CONFIGURACAO (ID_SIT_CONFIGURACAO,DSC_SIT_CONFIGURACAO,RESTRITIVIDADE_SIT_CONF) values (9,'Ignorar configuração anterior',1);
Insert into CORPORATIVO.CP_SITUACAO_CONFIGURACAO (ID_SIT_CONFIGURACAO,DSC_SIT_CONFIGURACAO,RESTRITIVIDADE_SIT_CONF) values (1,'Pode',0);
Insert into CORPORATIVO.CP_SITUACAO_CONFIGURACAO (ID_SIT_CONFIGURACAO,DSC_SIT_CONFIGURACAO,RESTRITIVIDADE_SIT_CONF) values (2,'Não Pode',9);
Insert into CORPORATIVO.CP_SITUACAO_CONFIGURACAO (ID_SIT_CONFIGURACAO,DSC_SIT_CONFIGURACAO,RESTRITIVIDADE_SIT_CONF) values (3,'Obrigatório',7);
Insert into CORPORATIVO.CP_SITUACAO_CONFIGURACAO (ID_SIT_CONFIGURACAO,DSC_SIT_CONFIGURACAO,RESTRITIVIDADE_SIT_CONF) values (4,'Opcional',6);
Insert into CORPORATIVO.CP_SITUACAO_CONFIGURACAO (ID_SIT_CONFIGURACAO,DSC_SIT_CONFIGURACAO,RESTRITIVIDADE_SIT_CONF) values (5,'Default',4);
Insert into CORPORATIVO.CP_SITUACAO_CONFIGURACAO (ID_SIT_CONFIGURACAO,DSC_SIT_CONFIGURACAO,RESTRITIVIDADE_SIT_CONF) values (6,'Não default',5);
Insert into CORPORATIVO.CP_SITUACAO_CONFIGURACAO (ID_SIT_CONFIGURACAO,DSC_SIT_CONFIGURACAO,RESTRITIVIDADE_SIT_CONF) values (7,'Proibido',10);
Insert into CORPORATIVO.CP_SITUACAO_CONFIGURACAO (ID_SIT_CONFIGURACAO,DSC_SIT_CONFIGURACAO,RESTRITIVIDADE_SIT_CONF) values (8,'Só Leitura',8);

Insert into CORPORATIVO.CP_TIPO_CONFIGURACAO (ID_TP_CONFIGURACAO,DSC_TP_CONFIGURACAO,ID_SIT_CONFIGURACAO) values (205,'Utilizar Serviço de Outra Lotação',2);
Insert into CORPORATIVO.CP_TIPO_CONFIGURACAO (ID_TP_CONFIGURACAO,DSC_TP_CONFIGURACAO,ID_SIT_CONFIGURACAO) values (30,'Despachável',2);
Insert into CORPORATIVO.CP_TIPO_CONFIGURACAO (ID_TP_CONFIGURACAO,DSC_TP_CONFIGURACAO,ID_SIT_CONFIGURACAO) values (31,'Destinatário',4);
Insert into CORPORATIVO.CP_TIPO_CONFIGURACAO (ID_TP_CONFIGURACAO,DSC_TP_CONFIGURACAO,ID_SIT_CONFIGURACAO) values (32,'Utilizar XStandard',2);
Insert into CORPORATIVO.CP_TIPO_CONFIGURACAO (ID_TP_CONFIGURACAO,DSC_TP_CONFIGURACAO,ID_SIT_CONFIGURACAO) values (33,'Utilizar PD4ML',2);
Insert into CORPORATIVO.CP_TIPO_CONFIGURACAO (ID_TP_CONFIGURACAO,DSC_TP_CONFIGURACAO,ID_SIT_CONFIGURACAO) values (25,'Gerenciar Publicação Boletim',2);
Insert into CORPORATIVO.CP_TIPO_CONFIGURACAO (ID_TP_CONFIGURACAO,DSC_TP_CONFIGURACAO,ID_SIT_CONFIGURACAO) values (23,'Pode receber documento sem assinatura',2);
Insert into CORPORATIVO.CP_TIPO_CONFIGURACAO (ID_TP_CONFIGURACAO,DSC_TP_CONFIGURACAO,ID_SIT_CONFIGURACAO) values (21,'Definir Publicadores',2);
Insert into CORPORATIVO.CP_TIPO_CONFIGURACAO (ID_TP_CONFIGURACAO,DSC_TP_CONFIGURACAO,ID_SIT_CONFIGURACAO) values (22,'Atender Pedido de Publicação',2);
Insert into CORPORATIVO.CP_TIPO_CONFIGURACAO (ID_TP_CONFIGURACAO,DSC_TP_CONFIGURACAO,ID_SIT_CONFIGURACAO) values (24,'Pode criar documento filho',1);
Insert into CORPORATIVO.CP_TIPO_CONFIGURACAO (ID_TP_CONFIGURACAO,DSC_TP_CONFIGURACAO,ID_SIT_CONFIGURACAO) values (1,'Movimentar',1);
Insert into CORPORATIVO.CP_TIPO_CONFIGURACAO (ID_TP_CONFIGURACAO,DSC_TP_CONFIGURACAO,ID_SIT_CONFIGURACAO) values (2,'Criar',1);
Insert into CORPORATIVO.CP_TIPO_CONFIGURACAO (ID_TP_CONFIGURACAO,DSC_TP_CONFIGURACAO,ID_SIT_CONFIGURACAO) values (3,'Finalizar',1);
Insert into CORPORATIVO.CP_TIPO_CONFIGURACAO (ID_TP_CONFIGURACAO,DSC_TP_CONFIGURACAO,ID_SIT_CONFIGURACAO) values (4,'Eletrônico',7);
Insert into CORPORATIVO.CP_TIPO_CONFIGURACAO (ID_TP_CONFIGURACAO,DSC_TP_CONFIGURACAO,ID_SIT_CONFIGURACAO) values (5,'Nivel de Acesso',4);
Insert into CORPORATIVO.CP_TIPO_CONFIGURACAO (ID_TP_CONFIGURACAO,DSC_TP_CONFIGURACAO,ID_SIT_CONFIGURACAO) values (6,'Acessar',1);
Insert into CORPORATIVO.CP_TIPO_CONFIGURACAO (ID_TP_CONFIGURACAO,DSC_TP_CONFIGURACAO,ID_SIT_CONFIGURACAO) values (7,'Diretor do Foro',null);
Insert into CORPORATIVO.CP_TIPO_CONFIGURACAO (ID_TP_CONFIGURACAO,DSC_TP_CONFIGURACAO,ID_SIT_CONFIGURACAO) values (8,'Reabrir',1);
Insert into CORPORATIVO.CP_TIPO_CONFIGURACAO (ID_TP_CONFIGURACAO,DSC_TP_CONFIGURACAO,ID_SIT_CONFIGURACAO) values (9,'Duplicar',1);
Insert into CORPORATIVO.CP_TIPO_CONFIGURACAO (ID_TP_CONFIGURACAO,DSC_TP_CONFIGURACAO,ID_SIT_CONFIGURACAO) values (10,'Editar',1);
Insert into CORPORATIVO.CP_TIPO_CONFIGURACAO (ID_TP_CONFIGURACAO,DSC_TP_CONFIGURACAO,ID_SIT_CONFIGURACAO) values (11,'Excluir',1);
Insert into CORPORATIVO.CP_TIPO_CONFIGURACAO (ID_TP_CONFIGURACAO,DSC_TP_CONFIGURACAO,ID_SIT_CONFIGURACAO) values (12,'Excluir Anexo',1);
Insert into CORPORATIVO.CP_TIPO_CONFIGURACAO (ID_TP_CONFIGURACAO,DSC_TP_CONFIGURACAO,ID_SIT_CONFIGURACAO) values (13,'Configurar',2);
Insert into CORPORATIVO.CP_TIPO_CONFIGURACAO (ID_TP_CONFIGURACAO,DSC_TP_CONFIGURACAO,ID_SIT_CONFIGURACAO) values (14,'Excluir Anotação',1);
Insert into CORPORATIVO.CP_TIPO_CONFIGURACAO (ID_TP_CONFIGURACAO,DSC_TP_CONFIGURACAO,ID_SIT_CONFIGURACAO) values (15,'Visualizar Impressão',1);
Insert into CORPORATIVO.CP_TIPO_CONFIGURACAO (ID_TP_CONFIGURACAO,DSC_TP_CONFIGURACAO,ID_SIT_CONFIGURACAO) values (16,'Cancelar Via',1);
Insert into CORPORATIVO.CP_TIPO_CONFIGURACAO (ID_TP_CONFIGURACAO,DSC_TP_CONFIGURACAO,ID_SIT_CONFIGURACAO) values (17,'Criar Via',1);
Insert into CORPORATIVO.CP_TIPO_CONFIGURACAO (ID_TP_CONFIGURACAO,DSC_TP_CONFIGURACAO,ID_SIT_CONFIGURACAO) values (18,'Nível de Acesso Máximo',4);
Insert into CORPORATIVO.CP_TIPO_CONFIGURACAO (ID_TP_CONFIGURACAO,DSC_TP_CONFIGURACAO,ID_SIT_CONFIGURACAO) values (19,'Nível de Acesso Mínimo',4);
Insert into CORPORATIVO.CP_TIPO_CONFIGURACAO (ID_TP_CONFIGURACAO,DSC_TP_CONFIGURACAO,ID_SIT_CONFIGURACAO) values (20,'Cadastrar Qualquer Subst',2);
Insert into CORPORATIVO.CP_TIPO_CONFIGURACAO (ID_TP_CONFIGURACAO,DSC_TP_CONFIGURACAO,ID_SIT_CONFIGURACAO) values (28,'Corrigir Erro',2);
Insert into CORPORATIVO.CP_TIPO_CONFIGURACAO (ID_TP_CONFIGURACAO,DSC_TP_CONFIGURACAO,ID_SIT_CONFIGURACAO) values (26,'Simular Usuário',2);
Insert into CORPORATIVO.CP_TIPO_CONFIGURACAO (ID_TP_CONFIGURACAO,DSC_TP_CONFIGURACAO,ID_SIT_CONFIGURACAO) values (27,'Notificar Por E-mail',2);
Insert into CORPORATIVO.CP_TIPO_CONFIGURACAO (ID_TP_CONFIGURACAO,DSC_TP_CONFIGURACAO,ID_SIT_CONFIGURACAO) values (29,'Cancelar Movimentação',2);
Insert into CORPORATIVO.CP_TIPO_CONFIGURACAO (ID_TP_CONFIGURACAO,DSC_TP_CONFIGURACAO,ID_SIT_CONFIGURACAO) values (100,'Instanciar Procedimento',2);
Insert into CORPORATIVO.CP_TIPO_CONFIGURACAO (ID_TP_CONFIGURACAO,DSC_TP_CONFIGURACAO,ID_SIT_CONFIGURACAO) values (101,'Designar Tarefa',2);
Insert into CORPORATIVO.CP_TIPO_CONFIGURACAO (ID_TP_CONFIGURACAO,DSC_TP_CONFIGURACAO,ID_SIT_CONFIGURACAO) values (200,'Utilizar Serviço',2);
Insert into CORPORATIVO.CP_TIPO_CONFIGURACAO (ID_TP_CONFIGURACAO,DSC_TP_CONFIGURACAO,ID_SIT_CONFIGURACAO) values (201,'Pode habilitar serviço',2);
Insert into CORPORATIVO.CP_TIPO_CONFIGURACAO (ID_TP_CONFIGURACAO,DSC_TP_CONFIGURACAO,ID_SIT_CONFIGURACAO) values (202,'Pode habilitar serviço de diretório',2);
Insert into CORPORATIVO.CP_TIPO_CONFIGURACAO (ID_TP_CONFIGURACAO,DSC_TP_CONFIGURACAO,ID_SIT_CONFIGURACAO) values (203,'Pertencer',1);
Insert into CORPORATIVO.CP_TIPO_CONFIGURACAO (ID_TP_CONFIGURACAO,DSC_TP_CONFIGURACAO,ID_SIT_CONFIGURACAO) values (204,'Fazer Login',1);

--REM INSERTING into CORPORATIVO.CP_TIPO_GRUPO
Insert into CORPORATIVO.CP_TIPO_GRUPO (ID_TP_GRUPO,DESC_TP_GRUPO) values (1,'Perfil de Acesso');
Insert into CORPORATIVO.CP_TIPO_GRUPO (ID_TP_GRUPO,DESC_TP_GRUPO) values (2,'Grupo de Email');
Insert into CORPORATIVO.CP_TIPO_GRUPO (ID_TP_GRUPO,DESC_TP_GRUPO) values (3,'Perfil de Acesso do JEE');

--REM INSERTING into CORPORATIVO.CP_TIPO_IDENTIDADE
Insert into CORPORATIVO.CP_TIPO_IDENTIDADE (ID_TP_IDENTIDADE,DESC_TP_IDENTIDADE) values (1,'Login e Senha');
Insert into CORPORATIVO.CP_TIPO_IDENTIDADE (ID_TP_IDENTIDADE,DESC_TP_IDENTIDADE) values (2,'Certidão Digital ICP-Brasil');


--REM INSERTING into CORPORATIVO.CP_TIPO_LOTACAO
Insert into CORPORATIVO.CP_TIPO_LOTACAO (ID_TP_LOTACAO,SIGLA_TP_LOTACAO,DESC_TP_LOTACAO,ID_TP_LOTACAO_PAI) values (1,'ADM','Unidade da Administração',null);
Insert into CORPORATIVO.CP_TIPO_LOTACAO (ID_TP_LOTACAO,SIGLA_TP_LOTACAO,DESC_TP_LOTACAO,ID_TP_LOTACAO_PAI) values (100,'JUD','Unidade Judicial',null);
Insert into CORPORATIVO.CP_TIPO_LOTACAO (ID_TP_LOTACAO,SIGLA_TP_LOTACAO,DESC_TP_LOTACAO,ID_TP_LOTACAO_PAI) values (101,'VF','Vara Federal',100);
Insert into CORPORATIVO.CP_TIPO_LOTACAO (ID_TP_LOTACAO,SIGLA_TP_LOTACAO,DESC_TP_LOTACAO,ID_TP_LOTACAO_PAI) values (102,'VFCR','Vara Federal Criminal',100);

--REM INSERTING into CORPORATIVO.CP_TIPO_MARCA
Insert into CORPORATIVO.CP_TIPO_MARCA (ID_TP_MARCA,DESCR_TP_MARCA) values (1,'SIGA-EX');

--REM INSERTING into CORPORATIVO.CP_TIPO_MARCADOR
Insert into CORPORATIVO.CP_TIPO_MARCADOR (ID_TP_MARCADOR,DESCR_TIPO_MARCADOR) values (1,'Sistema');
Insert into CORPORATIVO.CP_TIPO_MARCADOR (ID_TP_MARCADOR,DESCR_TIPO_MARCADOR) values (2,'Geral');
Insert into CORPORATIVO.CP_TIPO_MARCADOR (ID_TP_MARCADOR,DESCR_TIPO_MARCADOR) values (3,'Lotação e sublotações');
Insert into CORPORATIVO.CP_TIPO_MARCADOR (ID_TP_MARCADOR,DESCR_TIPO_MARCADOR) values (4,'Lotação');
Insert into CORPORATIVO.CP_TIPO_MARCADOR (ID_TP_MARCADOR,DESCR_TIPO_MARCADOR) values (5,'Pessoa');

--REM INSERTING into CORPORATIVO.CP_TIPO_PAPEL
Insert into CORPORATIVO.CP_TIPO_PAPEL (ID_TP_PAPEL,DESC_TP_PAPEL) values (1,'Principal');
Insert into CORPORATIVO.CP_TIPO_PAPEL (ID_TP_PAPEL,DESC_TP_PAPEL) values (2,'Funcional');

--REM INSERTING into CORPORATIVO.CP_TIPO_PESSOA
Insert into CORPORATIVO.CP_TIPO_PESSOA (ID_TP_PESSOA,DESC_TP_PESSOA) values (1,'Magistrado');
Insert into CORPORATIVO.CP_TIPO_PESSOA (ID_TP_PESSOA,DESC_TP_PESSOA) values (2,'Servidor');
Insert into CORPORATIVO.CP_TIPO_PESSOA (ID_TP_PESSOA,DESC_TP_PESSOA) values (3,'Estagiário');
Insert into CORPORATIVO.CP_TIPO_PESSOA (ID_TP_PESSOA,DESC_TP_PESSOA) values (4,'Terceirizado');

--REM INSERTING into CORPORATIVO.CP_TIPO_SERVICO
Insert into CORPORATIVO.CP_TIPO_SERVICO (ID_TP_SERVICO,DESC_TP_SERVICO,ID_SIT_CONFIGURACAO) values (1,'Diretório',2);
Insert into CORPORATIVO.CP_TIPO_SERVICO (ID_TP_SERVICO,DESC_TP_SERVICO,ID_SIT_CONFIGURACAO) values (2,'Sistema',2);

--REM INSERTING into CORPORATIVO.CP_TIPO_SERVICO_SITUACAO
Insert into CORPORATIVO.CP_TIPO_SERVICO_SITUACAO (ID_TP_SERVICO,ID_SIT_CONFIGURACAO) values (1,1);
Insert into CORPORATIVO.CP_TIPO_SERVICO_SITUACAO (ID_TP_SERVICO,ID_SIT_CONFIGURACAO) values (1,2);
Insert into CORPORATIVO.CP_TIPO_SERVICO_SITUACAO (ID_TP_SERVICO,ID_SIT_CONFIGURACAO) values (1,8);
Insert into CORPORATIVO.CP_TIPO_SERVICO_SITUACAO (ID_TP_SERVICO,ID_SIT_CONFIGURACAO) values (2,1);
Insert into CORPORATIVO.CP_TIPO_SERVICO_SITUACAO (ID_TP_SERVICO,ID_SIT_CONFIGURACAO) values (2,2);

--REM INSERTING into CORPORATIVO.CP_UF
Insert into CORPORATIVO.CP_UF (ID_UF,NM_UF) values (1,'AC');
Insert into CORPORATIVO.CP_UF (ID_UF,NM_UF) values (2,'AL');
Insert into CORPORATIVO.CP_UF (ID_UF,NM_UF) values (3,'AM');
Insert into CORPORATIVO.CP_UF (ID_UF,NM_UF) values (4,'AP');
Insert into CORPORATIVO.CP_UF (ID_UF,NM_UF) values (5,'BA');
Insert into CORPORATIVO.CP_UF (ID_UF,NM_UF) values (6,'CE');
Insert into CORPORATIVO.CP_UF (ID_UF,NM_UF) values (7,'DF');
Insert into CORPORATIVO.CP_UF (ID_UF,NM_UF) values (8,'ES');
Insert into CORPORATIVO.CP_UF (ID_UF,NM_UF) values (9,'GO');
Insert into CORPORATIVO.CP_UF (ID_UF,NM_UF) values (10,'MA');
Insert into CORPORATIVO.CP_UF (ID_UF,NM_UF) values (11,'MG');
Insert into CORPORATIVO.CP_UF (ID_UF,NM_UF) values (12,'MS');
Insert into CORPORATIVO.CP_UF (ID_UF,NM_UF) values (13,'MT');
Insert into CORPORATIVO.CP_UF (ID_UF,NM_UF) values (14,'PA');
Insert into CORPORATIVO.CP_UF (ID_UF,NM_UF) values (15,'PB');
Insert into CORPORATIVO.CP_UF (ID_UF,NM_UF) values (16,'PE');
Insert into CORPORATIVO.CP_UF (ID_UF,NM_UF) values (17,'PI');
Insert into CORPORATIVO.CP_UF (ID_UF,NM_UF) values (18,'PR');
Insert into CORPORATIVO.CP_UF (ID_UF,NM_UF) values (19,'RJ');
Insert into CORPORATIVO.CP_UF (ID_UF,NM_UF) values (20,'RN');
Insert into CORPORATIVO.CP_UF (ID_UF,NM_UF) values (21,'RO');
Insert into CORPORATIVO.CP_UF (ID_UF,NM_UF) values (22,'RR');
Insert into CORPORATIVO.CP_UF (ID_UF,NM_UF) values (23,'RS');
Insert into CORPORATIVO.CP_UF (ID_UF,NM_UF) values (24,'SC');
Insert into CORPORATIVO.CP_UF (ID_UF,NM_UF) values (25,'SE');
Insert into CORPORATIVO.CP_UF (ID_UF,NM_UF) values (26,'SP');
Insert into CORPORATIVO.CP_UF (ID_UF,NM_UF) values (27,'TO');

Insert into CORPORATIVO.CP_ORGAO_USUARIO (ID_ORGAO_USU,NM_ORGAO_USU,CGC_ORGAO_USU,RAZAO_SOCIAL_ORGAO_USU,END_ORGAO_USU,BAIRRO_ORGAO_USU,MUNICIPIO_ORGAO_USU,CEP_ORGAO_USU,NM_RESP_ORGAO_USU,TEL_ORGAO_USU,SIGLA_ORGAO_USU,UF_ORGAO_USU,COD_ORGAO_USU,ACRONIMO_ORGAO_USU) values (9999999999,'ORGAO TESTE ZZ',null,null,null,null,'Rio de Janeiro',null,null,null,'ZZ',null,null,'OTZZ');
--Insert into CORPORATIVO.CP_ORGAO_USUARIO (ID_ORGAO_USU,NM_ORGAO_USU,CGC_ORGAO_USU,RAZAO_SOCIAL_ORGAO_USU,END_ORGAO_USU,BAIRRO_ORGAO_USU,MUNICIPIO_ORGAO_USU,CEP_ORGAO_USU,NM_RESP_ORGAO_USU,TEL_ORGAO_USU,SIGLA_ORGAO_USU,UF_ORGAO_USU,COD_ORGAO_USU,ACRONIMO_ORGAO_USU) values (1,'Seção Judiciária do Rio de Janeiro',null,null,null,null,'Rio de Janeiro',null,null,null,'RJ','RJ',null,'SJRJ');
--Insert into CORPORATIVO.CP_ORGAO_USUARIO (ID_ORGAO_USU,NM_ORGAO_USU,CGC_ORGAO_USU,RAZAO_SOCIAL_ORGAO_USU,END_ORGAO_USU,BAIRRO_ORGAO_USU,MUNICIPIO_ORGAO_USU,CEP_ORGAO_USU,NM_RESP_ORGAO_USU,TEL_ORGAO_USU,SIGLA_ORGAO_USU,UF_ORGAO_USU,COD_ORGAO_USU,ACRONIMO_ORGAO_USU) values (2,'Seção Judiciária do Espírito Santo',null,null,null,null,'Vitória - ES',null,null,null,'ES','ES',50,'SJES');
--Insert into CORPORATIVO.CP_ORGAO_USUARIO (ID_ORGAO_USU,NM_ORGAO_USU,CGC_ORGAO_USU,RAZAO_SOCIAL_ORGAO_USU,END_ORGAO_USU,BAIRRO_ORGAO_USU,MUNICIPIO_ORGAO_USU,CEP_ORGAO_USU,NM_RESP_ORGAO_USU,TEL_ORGAO_USU,SIGLA_ORGAO_USU,UF_ORGAO_USU,COD_ORGAO_USU,ACRONIMO_ORGAO_USU) values (3,'Tribunal Regional Federal - 2ª Região',null,null,null,null,'Rio de Janeiro',null,null,null,'T2','RJ',null,'TRF2');
--Insert into CORPORATIVO.CP_ORGAO_USUARIO (ID_ORGAO_USU,NM_ORGAO_USU,CGC_ORGAO_USU,RAZAO_SOCIAL_ORGAO_USU,END_ORGAO_USU,BAIRRO_ORGAO_USU,MUNICIPIO_ORGAO_USU,CEP_ORGAO_USU,NM_RESP_ORGAO_USU,TEL_ORGAO_USU,SIGLA_ORGAO_USU,UF_ORGAO_USU,COD_ORGAO_USU,ACRONIMO_ORGAO_USU) values (4,'Conselho da Justiça Federal',null,null,null,null,'Brasília',null,null,null,'CF','DF',null,'CJF');

--REM INSERTING into CORPORATIVO.DP_CARGO
Insert into CORPORATIVO.DP_CARGO (ID_CARGO,NOME_CARGO,ID_ORGAO_USU,DT_FIM_CARGO,DT_INI_CARGO,ID_CARGO_INICIAL,IDE_CARGO,SIGLA_CARGO) values (1,'FUNCIONÁRIO',9999999999,null,DATE('2011-08-03'),1,'203','500300');

Insert into CORPORATIVO.DP_LOTACAO (ID_LOTACAO,DATA_INI_LOT,DATA_FIM_LOT,NOME_LOTACAO,ID_LOTACAO_PAI,SIGLA_LOTACAO,ID_ORGAO_USU,IDE_LOTACAO,ID_LOTACAO_INI,ID_TP_LOTACAO) values (1,DATE('2011-08-08'),null,'LOTACAO TESTE',null,'LTEST',9999999999,'1076',1,100);

Insert into CORPORATIVO.DP_PESSOA (ID_PESSOA,DATA_INI_PESSOA,DATA_FIM_PESSOA,CPF_PESSOA,NOME_PESSOA,DATA_NASC_PESSOA,MATRICULA,ID_LOTACAO,ID_CARGO,ID_FUNCAO_CONFIANCA,SESB_PESSOA,EMAIL_PESSOA,TP_SERVIDOR_PESSOA,SIGLA_PESSOA,SEXO_PESSOA,GRAU_INSTRUCAO_PESSOA,TP_SANGUINEO_PESSOA,NACIONALIDADE_PESSOA,DATA_POSSE_PESSOA,DATA_NOMEACAO_PESSOA,DATA_PUBLICACAO_PESSOA,DATA_INICIO_EXERCICIO_PESSOA,ATO_NOMEACAO_PESSOA,SITUACAO_FUNCIONAL_PESSOA,ID_PROVIMENTO,NATURALIDADE_PESSOA,FG_IMPRIME_END,DSC_PADRAO_REFERENCIA_PESSOA,ID_ORGAO_USU,IDE_PESSOA,ID_PESSOA_INICIAL,ENDERECO_PESSOA,BAIRRO_PESSOA,CIDADE_PESSOA,CEP_PESSOA,TELEFONE_PESSOA,RG_PESSOA,RG_ORGAO_PESSOA,RG_DATA_EXPEDICAO_PESSOA,RG_UF_PESSOA,ID_ESTADO_CIVIL,ID_TP_PESSOA,NOME_EXIBICAO) values (1,DATE('2001-01-01'),null,11111111111,'USUARIO TESTE',DATE('2001-01-01'),99999,1,1,null,'ZZ','usuarioteste@jfrj.jus.br',null,'TST','M','ESPEC','A+','BRASILEIRO',DATE('2001-01-01'),DATE('2001-01-01'),DATE('2001-01-01'),DATE('2001-01-01'),'0000/2001','1',null,null,null,'PAD-REF',9999999999,'99999',1,'AV ALMTE BARROSO 78','CENTRO','RIO DE JANEIRO','20000000','9700','987654321','TESTE',DATE('2001-01-01'),'RJ',2,2,null);

Insert into CORPORATIVO.CP_IDENTIDADE (ID_IDENTIDADE,ID_TP_IDENTIDADE,ID_PESSOA,DATA_CRIACAO_IDENTIDADE,DATA_EXPIRACAO_IDENTIDADE,DATA_CANCELAMENTO_IDENTIDADE,ID_ORGAO_USU,LOGIN_IDENTIDADE,SENHA_IDENTIDADE,SENHA_IDENTIDADE_CRIPTO,SENHA_IDENTIDADE_CRIPTO_SINC,HIS_ID_INI,HIS_DT_INI,HIS_IDC_INI,HIS_DT_FIM,HIS_IDC_FIM) values (1,1,1,DATE('2011-10-26'),null,null,9999999999,'ZZ99999','2ac9cb7dc02b3c0083eb70898e549b63','I20BhBeI7KavVeWdbIa8+g==','I20BhBeI7KavVeWdbIa8+g==',1,TIMESTAMP('2011-10-26', '17.12.30'),1,null,null);

Insert into CORPORATIVO.CP_ORGAO (ID_ORGAO,NM_ORGAO,CGC_ORGAO,RAZAO_SOCIAL_ORGAO,END_ORGAO,BAIRRO_ORGAO,MUNICIPIO_ORGAO,CEP_ORGAO,DSC_TIPO_ORGAO,NOME_RESPONSAVEL_ORGAO,EMAIL_RESPONSAVEL_ORGAO,NOME_CONTATO_ORGAO,EMAIL_CONTATO_ORGAO,TEL_CONTATO_ORGAO,SIGLA_ORGAO,UF_ORGAO,ID_ORGAO_USU,FG_ATIVO,HIS_ID_INI,HIS_IDE,HIS_DT_INI,HIS_DT_FIM) values (1,'PRESIDENCIA DA REPUBLICA',null,null,null,null,null,null,null,null,null,null,null,null,'Pres. Rep.',null,9999999999,'S',1,'1',TIMESTAMP('2011-08-03', '17.12.30'),null);

Insert into CORPORATIVO.CP_MARCADOR (ID_MARCADOR,DESCR_MARCADOR,ID_TP_MARCADOR) values (1,'Em Elaboração',1);
Insert into CORPORATIVO.CP_MARCADOR (ID_MARCADOR,DESCR_MARCADOR,ID_TP_MARCADOR) values (2,'Aguardando Andamento',1);
Insert into CORPORATIVO.CP_MARCADOR (ID_MARCADOR,DESCR_MARCADOR,ID_TP_MARCADOR) values (3,'A Receber (Físico)',1);
Insert into CORPORATIVO.CP_MARCADOR (ID_MARCADOR,DESCR_MARCADOR,ID_TP_MARCADOR) values (4,'Extraviado',1);
Insert into CORPORATIVO.CP_MARCADOR (ID_MARCADOR,DESCR_MARCADOR,ID_TP_MARCADOR) values (5,'A Arquivar',1);
Insert into CORPORATIVO.CP_MARCADOR (ID_MARCADOR,DESCR_MARCADOR,ID_TP_MARCADOR) values (6,'Arquivo Corrente',1);
Insert into CORPORATIVO.CP_MARCADOR (ID_MARCADOR,DESCR_MARCADOR,ID_TP_MARCADOR) values (7,'A Descartar',1);
Insert into CORPORATIVO.CP_MARCADOR (ID_MARCADOR,DESCR_MARCADOR,ID_TP_MARCADOR) values (8,'Descartado',1);
Insert into CORPORATIVO.CP_MARCADOR (ID_MARCADOR,DESCR_MARCADOR,ID_TP_MARCADOR) values (9,'Juntado',1);
Insert into CORPORATIVO.CP_MARCADOR (ID_MARCADOR,DESCR_MARCADOR,ID_TP_MARCADOR) values (10,'Cancelado',1);
Insert into CORPORATIVO.CP_MARCADOR (ID_MARCADOR,DESCR_MARCADOR,ID_TP_MARCADOR) values (11,'Transferido para Órgão Externo',1);
Insert into CORPORATIVO.CP_MARCADOR (ID_MARCADOR,DESCR_MARCADOR,ID_TP_MARCADOR) values (12,'Arquivo Intermediário',1);
Insert into CORPORATIVO.CP_MARCADOR (ID_MARCADOR,DESCR_MARCADOR,ID_TP_MARCADOR) values (13,'Arquivo Permanente',1);
Insert into CORPORATIVO.CP_MARCADOR (ID_MARCADOR,DESCR_MARCADOR,ID_TP_MARCADOR) values (14,'Caixa de Entrada (Digital)',1);
Insert into CORPORATIVO.CP_MARCADOR (ID_MARCADOR,DESCR_MARCADOR,ID_TP_MARCADOR) values (15,'Pendente de Assinatura',1);
Insert into CORPORATIVO.CP_MARCADOR (ID_MARCADOR,DESCR_MARCADOR,ID_TP_MARCADOR) values (16,'Juntado a Documento Externo',1);
Insert into CORPORATIVO.CP_MARCADOR (ID_MARCADOR,DESCR_MARCADOR,ID_TP_MARCADOR) values (18,'Remetido para Publicação',1);
Insert into CORPORATIVO.CP_MARCADOR (ID_MARCADOR,DESCR_MARCADOR,ID_TP_MARCADOR) values (20,'Publicado',1);
Insert into CORPORATIVO.CP_MARCADOR (ID_MARCADOR,DESCR_MARCADOR,ID_TP_MARCADOR) values (21,'Publicação solicitada',1);
Insert into CORPORATIVO.CP_MARCADOR (ID_MARCADOR,DESCR_MARCADOR,ID_TP_MARCADOR) values (22,'Disponibilizado',1);
Insert into CORPORATIVO.CP_MARCADOR (ID_MARCADOR,DESCR_MARCADOR,ID_TP_MARCADOR) values (23,'Transferido',1);
Insert into CORPORATIVO.CP_MARCADOR (ID_MARCADOR,DESCR_MARCADOR,ID_TP_MARCADOR) values (24,'Transferido (Digital)',1);
Insert into CORPORATIVO.CP_MARCADOR (ID_MARCADOR,DESCR_MARCADOR,ID_TP_MARCADOR) values (25,'Como Subscritor',1);
Insert into CORPORATIVO.CP_MARCADOR (ID_MARCADOR,DESCR_MARCADOR,ID_TP_MARCADOR) values (26,'Apensado',1);
Insert into CORPORATIVO.CP_MARCADOR (ID_MARCADOR,DESCR_MARCADOR,ID_TP_MARCADOR) values (27,'Como Gestor',1);
Insert into CORPORATIVO.CP_MARCADOR (ID_MARCADOR,DESCR_MARCADOR,ID_TP_MARCADOR) values (28,'Como Interessado',1);
Insert into CORPORATIVO.CP_MARCADOR (ID_MARCADOR,DESCR_MARCADOR,ID_TP_MARCADOR) values (29,'Despacho Pendente de Assinatura',1);

Insert into CORPORATIVO.CP_SERVICO (ID_SERVICO,SIGLA_SERVICO,DESC_SERVICO,ID_SERVICO_PAI,ID_TP_SERVICO) values (1,'SIGA','Sistema Integrado de Gestão Administrativa',null,2);
Insert into CORPORATIVO.CP_SERVICO (ID_SERVICO,SIGLA_SERVICO,DESC_SERVICO,ID_SERVICO_PAI,ID_TP_SERVICO) values (2,'SIGA-DOC','Módulo de Documentos',1,2);
Insert into CORPORATIVO.CP_SERVICO (ID_SERVICO,SIGLA_SERVICO,DESC_SERVICO,ID_SERVICO_PAI,ID_TP_SERVICO) values (3,'SIGA-WF','Módulo de Workflow',1,2);
Insert into CORPORATIVO.CP_SERVICO (ID_SERVICO,SIGLA_SERVICO,DESC_SERVICO,ID_SERVICO_PAI,ID_TP_SERVICO) values (4,'SIGA-SR','Módulo de Serviços',1,2);
Insert into CORPORATIVO.CP_SERVICO (ID_SERVICO,SIGLA_SERVICO,DESC_SERVICO,ID_SERVICO_PAI,ID_TP_SERVICO) values (5,'FS','Acesso aos Diretórios do Sistema de Arquivos',null,1);
Insert into CORPORATIVO.CP_SERVICO (ID_SERVICO,SIGLA_SERVICO,DESC_SERVICO,ID_SERVICO_PAI,ID_TP_SERVICO) values (6,'FS_SEC','Acesso ao Diretório da Secretaria',5,1);
Insert into CORPORATIVO.CP_SERVICO (ID_SERVICO,SIGLA_SERVICO,DESC_SERVICO,ID_SERVICO_PAI,ID_TP_SERVICO) values (7,'FS_GAB','Acesso ao Diretório do Gabinete',5,1);
Insert into CORPORATIVO.CP_SERVICO (ID_SERVICO,SIGLA_SERVICO,DESC_SERVICO,ID_SERVICO_PAI,ID_TP_SERVICO) values (8,'FS_JUIZ','Acesso ao Diretório do Juiz',5,1);
Insert into CORPORATIVO.CP_SERVICO (ID_SERVICO,SIGLA_SERVICO,DESC_SERVICO,ID_SERVICO_PAI,ID_TP_SERVICO) values (9,'FS-PUB','Acesso ao Diretório Público',5,1);
Insert into CORPORATIVO.CP_SERVICO (ID_SERVICO,SIGLA_SERVICO,DESC_SERVICO,ID_SERVICO_PAI,ID_TP_SERVICO) values (10,'FS-RAIZ','Acesso ao Diretório Raiz da Unidade',5,1);
Insert into CORPORATIVO.CP_SERVICO (ID_SERVICO,SIGLA_SERVICO,DESC_SERVICO,ID_SERVICO_PAI,ID_TP_SERVICO) values (15,'SIGA-GI','Módulo de Gestão de Identidade',1,2);
Insert into CORPORATIVO.CP_SERVICO (ID_SERVICO,SIGLA_SERVICO,DESC_SERVICO,ID_SERVICO_PAI,ID_TP_SERVICO) values (16,'SIGA-WF-OPERAR','Executar comandos da tela inicial',3,2);
Insert into CORPORATIVO.CP_SERVICO (ID_SERVICO,SIGLA_SERVICO,DESC_SERVICO,ID_SERVICO_PAI,ID_TP_SERVICO) values (17,'SIGA-GI-PERMISSAO','Gerenciar permissões',15,2);
Insert into CORPORATIVO.CP_SERVICO (ID_SERVICO,SIGLA_SERVICO,DESC_SERVICO,ID_SERVICO_PAI,ID_TP_SERVICO) values (18,'SIGA-GI-ID','Gerenciar identidades',15,2);
Insert into CORPORATIVO.CP_SERVICO (ID_SERVICO,SIGLA_SERVICO,DESC_SERVICO,ID_SERVICO_PAI,ID_TP_SERVICO) values (19,'SIGA-GI-PERFIL','Gerenciar perfis de acesso',15,2);
Insert into CORPORATIVO.CP_SERVICO (ID_SERVICO,SIGLA_SERVICO,DESC_SERVICO,ID_SERVICO_PAI,ID_TP_SERVICO) values (20,'SIGA-GI-PERFILJEE','Gerenciar perfis do JEE',15,2);
Insert into CORPORATIVO.CP_SERVICO (ID_SERVICO,SIGLA_SERVICO,DESC_SERVICO,ID_SERVICO_PAI,ID_TP_SERVICO) values (21,'SIGA-GI-GEMAIL','Gerenciar grupos de email',15,2);
Insert into CORPORATIVO.CP_SERVICO (ID_SERVICO,SIGLA_SERVICO,DESC_SERVICO,ID_SERVICO_PAI,ID_TP_SERVICO) values (22,'SIGA-GI-SELFSERVICE','Gerenciar serviços da própria lotação',15,2);
Insert into CORPORATIVO.CP_SERVICO (ID_SERVICO,SIGLA_SERVICO,DESC_SERVICO,ID_SERVICO_PAI,ID_TP_SERVICO) values (23,'SIGA-GI-REL','Gerar relatórios',15,2);
Insert into CORPORATIVO.CP_SERVICO (ID_SERVICO,SIGLA_SERVICO,DESC_SERVICO,ID_SERVICO_PAI,ID_TP_SERVICO) values (24,'SIGA-WF-DESIGNAR','Designar tarefas',3,2);
Insert into CORPORATIVO.CP_SERVICO (ID_SERVICO,SIGLA_SERVICO,DESC_SERVICO,ID_SERVICO_PAI,ID_TP_SERVICO) values (41,'SIGA-WF-MEDIR','Analisar métricas',3,2);
Insert into CORPORATIVO.CP_SERVICO (ID_SERVICO,SIGLA_SERVICO,DESC_SERVICO,ID_SERVICO_PAI,ID_TP_SERVICO) values (42,'SIGA-WF-CONFIGURAR','Configurar iniciadores',3,2);
Insert into CORPORATIVO.CP_SERVICO (ID_SERVICO,SIGLA_SERVICO,DESC_SERVICO,ID_SERVICO_PAI,ID_TP_SERVICO) values (62,'SIGA-FE','Ferramentas',1,2);
Insert into CORPORATIVO.CP_SERVICO (ID_SERVICO,SIGLA_SERVICO,DESC_SERVICO,ID_SERVICO_PAI,ID_TP_SERVICO) values (63,'SIGA-FE-MODVER','Visualizar modelos',62,2);
Insert into CORPORATIVO.CP_SERVICO (ID_SERVICO,SIGLA_SERVICO,DESC_SERVICO,ID_SERVICO_PAI,ID_TP_SERVICO) values (64,'SIGA-FE-MODEDITAR','Editar modelos',62,2);
Insert into CORPORATIVO.CP_SERVICO (ID_SERVICO,SIGLA_SERVICO,DESC_SERVICO,ID_SERVICO_PAI,ID_TP_SERVICO) values (65,'SIGA-DOC-MOD','Gerenciar modelos',2,2);
Insert into CORPORATIVO.CP_SERVICO (ID_SERVICO,SIGLA_SERVICO,DESC_SERVICO,ID_SERVICO_PAI,ID_TP_SERVICO) values (82,'SIGA-AQ','Módulo de Adicional de Qualificação',1,2);
Insert into CORPORATIVO.CP_SERVICO (ID_SERVICO,SIGLA_SERVICO,DESC_SERVICO,ID_SERVICO_PAI,ID_TP_SERVICO) values (83,'SIGA-AQ-CURSO','Curso',82,2);
Insert into CORPORATIVO.CP_SERVICO (ID_SERVICO,SIGLA_SERVICO,DESC_SERVICO,ID_SERVICO_PAI,ID_TP_SERVICO) values (84,'SIGA-AQ-CURSO-Menu','Acesso',83,2);
Insert into CORPORATIVO.CP_SERVICO (ID_SERVICO,SIGLA_SERVICO,DESC_SERVICO,ID_SERVICO_PAI,ID_TP_SERVICO) values (102,'SIGA-AQ-INSTIT','Instituição',82,2);
Insert into CORPORATIVO.CP_SERVICO (ID_SERVICO,SIGLA_SERVICO,DESC_SERVICO,ID_SERVICO_PAI,ID_TP_SERVICO) values (103,'SIGA-AQ-INSTIT-MENU','Acesso',102,2);
Insert into CORPORATIVO.CP_SERVICO (ID_SERVICO,SIGLA_SERVICO,DESC_SERVICO,ID_SERVICO_PAI,ID_TP_SERVICO) values (104,'SIGA-AQ-SERV','Curso',82,2);
Insert into CORPORATIVO.CP_SERVICO (ID_SERVICO,SIGLA_SERVICO,DESC_SERVICO,ID_SERVICO_PAI,ID_TP_SERVICO) values (105,'SIGA-AQ-SERV-MENU','Acesso',104,2);
Insert into CORPORATIVO.CP_SERVICO (ID_SERVICO,SIGLA_SERVICO,DESC_SERVICO,ID_SERVICO_PAI,ID_TP_SERVICO) values (106,'SIGA-AQ-LOTE','Curso',82,2);
Insert into CORPORATIVO.CP_SERVICO (ID_SERVICO,SIGLA_SERVICO,DESC_SERVICO,ID_SERVICO_PAI,ID_TP_SERVICO) values (107,'SIGA-AQ-LOTE-MENU','Acesso',106,2);
Insert into CORPORATIVO.CP_SERVICO (ID_SERVICO,SIGLA_SERVICO,DESC_SERVICO,ID_SERVICO_PAI,ID_TP_SERVICO) values (108,'SIGA-AQ-ATRIB','Curso',82,2);
Insert into CORPORATIVO.CP_SERVICO (ID_SERVICO,SIGLA_SERVICO,DESC_SERVICO,ID_SERVICO_PAI,ID_TP_SERVICO) values (109,'SIGA-AQ-ATRIB-MENU','Acesso',108,2);
Insert into CORPORATIVO.CP_SERVICO (ID_SERVICO,SIGLA_SERVICO,DESC_SERVICO,ID_SERVICO_PAI,ID_TP_SERVICO) values (110,'SIGA-AQ-DUP','Duplic',82,2);
Insert into CORPORATIVO.CP_SERVICO (ID_SERVICO,SIGLA_SERVICO,DESC_SERVICO,ID_SERVICO_PAI,ID_TP_SERVICO) values (111,'SIGA-AQ-DUP-MENU','Acesso',110,2);
Insert into CORPORATIVO.CP_SERVICO (ID_SERVICO,SIGLA_SERVICO,DESC_SERVICO,ID_SERVICO_PAI,ID_TP_SERVICO) values (112,'SIGA-AQ-FOLHA','Lote',82,2);
Insert into CORPORATIVO.CP_SERVICO (ID_SERVICO,SIGLA_SERVICO,DESC_SERVICO,ID_SERVICO_PAI,ID_TP_SERVICO) values (113,'SIGA-AQ-FOLHA-MENU','ACESSO',112,2);
Insert into CORPORATIVO.CP_SERVICO (ID_SERVICO,SIGLA_SERVICO,DESC_SERVICO,ID_SERVICO_PAI,ID_TP_SERVICO) values (114,'SIGA-AQ-RESUMO','Pagamento',82,2);
Insert into CORPORATIVO.CP_SERVICO (ID_SERVICO,SIGLA_SERVICO,DESC_SERVICO,ID_SERVICO_PAI,ID_TP_SERVICO) values (115,'SIGA-AQ-RESUMO-MENU','Acesso',114,2);
Insert into CORPORATIVO.CP_SERVICO (ID_SERVICO,SIGLA_SERVICO,DESC_SERVICO,ID_SERVICO_PAI,ID_TP_SERVICO) values (116,'SIGA-AQ-PAG','Detalhado',82,2);
Insert into CORPORATIVO.CP_SERVICO (ID_SERVICO,SIGLA_SERVICO,DESC_SERVICO,ID_SERVICO_PAI,ID_TP_SERVICO) values (117,'SIGA-AQ-PAG-MENU','Acesso',116,2);
Insert into CORPORATIVO.CP_SERVICO (ID_SERVICO,SIGLA_SERVICO,DESC_SERVICO,ID_SERVICO_PAI,ID_TP_SERVICO) values (118,'SIGA-AQ-MENU','Consulta',82,2);
Insert into CORPORATIVO.CP_SERVICO (ID_SERVICO,SIGLA_SERVICO,DESC_SERVICO,ID_SERVICO_PAI,ID_TP_SERVICO) values (119,'SIGA-AQ-MENU-CURSO','Novo',118,2);
Insert into CORPORATIVO.CP_SERVICO (ID_SERVICO,SIGLA_SERVICO,DESC_SERVICO,ID_SERVICO_PAI,ID_TP_SERVICO) values (120,'SIGA-AQ-SIGA','Sistema Integrado de Gestão Administrativa',82,2);
Insert into CORPORATIVO.CP_SERVICO (ID_SERVICO,SIGLA_SERVICO,DESC_SERVICO,ID_SERVICO_PAI,ID_TP_SERVICO) values (121,'SIGA-AQ-SIGA-AQ','Módulo de Adicional de Qualificação',120,2);
Insert into CORPORATIVO.CP_SERVICO (ID_SERVICO,SIGLA_SERVICO,DESC_SERVICO,ID_SERVICO_PAI,ID_TP_SERVICO) values (122,'SIGA-AQ-SIGA-AQ-MENU','Consulta',121,2);
Insert into CORPORATIVO.CP_SERVICO (ID_SERVICO,SIGLA_SERVICO,DESC_SERVICO,ID_SERVICO_PAI,ID_TP_SERVICO) values (124,'SIGA-AQ-CURSO-Pesq','Pesquisar',83,2);
Insert into CORPORATIVO.CP_SERVICO (ID_SERVICO,SIGLA_SERVICO,DESC_SERVICO,ID_SERVICO_PAI,ID_TP_SERVICO) values (125,'SIGA-AQ-CURSO-INCL','Incluir',83,2);
Insert into CORPORATIVO.CP_SERVICO (ID_SERVICO,SIGLA_SERVICO,DESC_SERVICO,ID_SERVICO_PAI,ID_TP_SERVICO) values (126,'SIGA-AQ-INSTIT-INCL','Incluir',102,2);
Insert into CORPORATIVO.CP_SERVICO (ID_SERVICO,SIGLA_SERVICO,DESC_SERVICO,ID_SERVICO_PAI,ID_TP_SERVICO) values (127,'SIGA-AQ-INSTIT-PESQ','Pesquisar',102,2);
Insert into CORPORATIVO.CP_SERVICO (ID_SERVICO,SIGLA_SERVICO,DESC_SERVICO,ID_SERVICO_PAI,ID_TP_SERVICO) values (128,'SIGA-AQ-SERV-INCL','Incluir',104,2);
Insert into CORPORATIVO.CP_SERVICO (ID_SERVICO,SIGLA_SERVICO,DESC_SERVICO,ID_SERVICO_PAI,ID_TP_SERVICO) values (129,'SIGA-AQ-CURSO-GRV','Gravar',83,2);
Insert into CORPORATIVO.CP_SERVICO (ID_SERVICO,SIGLA_SERVICO,DESC_SERVICO,ID_SERVICO_PAI,ID_TP_SERVICO) values (130,'SIGA-AQ-INSTIT-GRV','Gravar',102,2);
Insert into CORPORATIVO.CP_SERVICO (ID_SERVICO,SIGLA_SERVICO,DESC_SERVICO,ID_SERVICO_PAI,ID_TP_SERVICO) values (131,'SIGA-AQ-LOTE-VISU','Visualizar',106,2);
Insert into CORPORATIVO.CP_SERVICO (ID_SERVICO,SIGLA_SERVICO,DESC_SERVICO,ID_SERVICO_PAI,ID_TP_SERVICO) values (132,'SIGA-AQ-DUP-GRV','Gravar',110,2);
Insert into CORPORATIVO.CP_SERVICO (ID_SERVICO,SIGLA_SERVICO,DESC_SERVICO,ID_SERVICO_PAI,ID_TP_SERVICO) values (133,'SIGA-AQ-CARGA','Carga',82,2);
Insert into CORPORATIVO.CP_SERVICO (ID_SERVICO,SIGLA_SERVICO,DESC_SERVICO,ID_SERVICO_PAI,ID_TP_SERVICO) values (134,'SIGA-AQ-CARGA-MENU','Acesso',133,2);
Insert into CORPORATIVO.CP_SERVICO (ID_SERVICO,SIGLA_SERVICO,DESC_SERVICO,ID_SERVICO_PAI,ID_TP_SERVICO) values (144,'SIGA-AQ-LOTE-PESQ','Pesquisa',106,2);
Insert into CORPORATIVO.CP_SERVICO (ID_SERVICO,SIGLA_SERVICO,DESC_SERVICO,ID_SERVICO_PAI,ID_TP_SERVICO) values (145,'SIGA-AQ-CSLOTE','Consulta',82,2);
Insert into CORPORATIVO.CP_SERVICO (ID_SERVICO,SIGLA_SERVICO,DESC_SERVICO,ID_SERVICO_PAI,ID_TP_SERVICO) values (146,'SIGA-AQ-CSLOTE-MENU','Acesso',145,2);
Insert into CORPORATIVO.CP_SERVICO (ID_SERVICO,SIGLA_SERVICO,DESC_SERVICO,ID_SERVICO_PAI,ID_TP_SERVICO) values (147,'SIGA-AQ-SERV-PSQ','Pesquisa',104,2);
Insert into CORPORATIVO.CP_SERVICO (ID_SERVICO,SIGLA_SERVICO,DESC_SERVICO,ID_SERVICO_PAI,ID_TP_SERVICO) values (148,'SIGA-AQ-CURSO-CST','Consulta',83,2);
Insert into CORPORATIVO.CP_SERVICO (ID_SERVICO,SIGLA_SERVICO,DESC_SERVICO,ID_SERVICO_PAI,ID_TP_SERVICO) values (149,'SIGA-AQ-CURSO-EXC','Excluir',83,2);
Insert into CORPORATIVO.CP_SERVICO (ID_SERVICO,SIGLA_SERVICO,DESC_SERVICO,ID_SERVICO_PAI,ID_TP_SERVICO) values (150,'SIGA-AQ-CURSO-ALT','Alterar',83,2);
Insert into CORPORATIVO.CP_SERVICO (ID_SERVICO,SIGLA_SERVICO,DESC_SERVICO,ID_SERVICO_PAI,ID_TP_SERVICO) values (151,'SIGA-AQ-CURSO-INC','Incluir',83,2);
Insert into CORPORATIVO.CP_SERVICO (ID_SERVICO,SIGLA_SERVICO,DESC_SERVICO,ID_SERVICO_PAI,ID_TP_SERVICO) values (152,'SIGA-AQ-CURSO-PSQ','Pesquisa',83,2);
Insert into CORPORATIVO.CP_SERVICO (ID_SERVICO,SIGLA_SERVICO,DESC_SERVICO,ID_SERVICO_PAI,ID_TP_SERVICO) values (153,'SIGA-AQ-INST','Instituição',82,2);
Insert into CORPORATIVO.CP_SERVICO (ID_SERVICO,SIGLA_SERVICO,DESC_SERVICO,ID_SERVICO_PAI,ID_TP_SERVICO) values (154,'SIGA-AQ-INST-CST','Consulta',153,2);
Insert into CORPORATIVO.CP_SERVICO (ID_SERVICO,SIGLA_SERVICO,DESC_SERVICO,ID_SERVICO_PAI,ID_TP_SERVICO) values (155,'SIGA-AQ-INST-EXC','Excluir',153,2);
Insert into CORPORATIVO.CP_SERVICO (ID_SERVICO,SIGLA_SERVICO,DESC_SERVICO,ID_SERVICO_PAI,ID_TP_SERVICO) values (156,'SIGA-AQ-INST-GRV','Gravar',153,2);
Insert into CORPORATIVO.CP_SERVICO (ID_SERVICO,SIGLA_SERVICO,DESC_SERVICO,ID_SERVICO_PAI,ID_TP_SERVICO) values (157,'SIGA-AQ-INST-ALT','Alterar',153,2);
Insert into CORPORATIVO.CP_SERVICO (ID_SERVICO,SIGLA_SERVICO,DESC_SERVICO,ID_SERVICO_PAI,ID_TP_SERVICO) values (158,'SIGA-AQ-INST-INC','Incluir',153,2);
Insert into CORPORATIVO.CP_SERVICO (ID_SERVICO,SIGLA_SERVICO,DESC_SERVICO,ID_SERVICO_PAI,ID_TP_SERVICO) values (159,'SIGA-AQ-INST-MENU','Acesso',153,2);
Insert into CORPORATIVO.CP_SERVICO (ID_SERVICO,SIGLA_SERVICO,DESC_SERVICO,ID_SERVICO_PAI,ID_TP_SERVICO) values (160,'SIGA-AQ-INST-PSQ','Pesquisa',153,2);
Insert into CORPORATIVO.CP_SERVICO (ID_SERVICO,SIGLA_SERVICO,DESC_SERVICO,ID_SERVICO_PAI,ID_TP_SERVICO) values (161,'SIGA-AQ-SERV-CST','Consulta',104,2);
Insert into CORPORATIVO.CP_SERVICO (ID_SERVICO,SIGLA_SERVICO,DESC_SERVICO,ID_SERVICO_PAI,ID_TP_SERVICO) values (162,'SIGA-AQ-SERV-EXC','Excluir',104,2);
Insert into CORPORATIVO.CP_SERVICO (ID_SERVICO,SIGLA_SERVICO,DESC_SERVICO,ID_SERVICO_PAI,ID_TP_SERVICO) values (163,'SIGA-AQ-SERV-GRV','Gravar',104,2);
Insert into CORPORATIVO.CP_SERVICO (ID_SERVICO,SIGLA_SERVICO,DESC_SERVICO,ID_SERVICO_PAI,ID_TP_SERVICO) values (164,'SIGA-AQ-SERV-ALT','Alterar',104,2);
Insert into CORPORATIVO.CP_SERVICO (ID_SERVICO,SIGLA_SERVICO,DESC_SERVICO,ID_SERVICO_PAI,ID_TP_SERVICO) values (165,'SIGA-AQ-SERV-INC','Incluir',104,2);
Insert into CORPORATIVO.CP_SERVICO (ID_SERVICO,SIGLA_SERVICO,DESC_SERVICO,ID_SERVICO_PAI,ID_TP_SERVICO) values (166,'SIGA-AQ-FOLHA-CST','Consulta',112,2);
Insert into CORPORATIVO.CP_SERVICO (ID_SERVICO,SIGLA_SERVICO,DESC_SERVICO,ID_SERVICO_PAI,ID_TP_SERVICO) values (167,'SIGA-AQ-FOLHA-EXC','Excluir',112,2);
Insert into CORPORATIVO.CP_SERVICO (ID_SERVICO,SIGLA_SERVICO,DESC_SERVICO,ID_SERVICO_PAI,ID_TP_SERVICO) values (168,'SIGA-AQ-FOLHA-GRV','Gravar',112,2);
Insert into CORPORATIVO.CP_SERVICO (ID_SERVICO,SIGLA_SERVICO,DESC_SERVICO,ID_SERVICO_PAI,ID_TP_SERVICO) values (169,'SIGA-AQ-FOLHA-ALT','Alterar',112,2);
Insert into CORPORATIVO.CP_SERVICO (ID_SERVICO,SIGLA_SERVICO,DESC_SERVICO,ID_SERVICO_PAI,ID_TP_SERVICO) values (170,'SIGA-AQ-FOLHA-INC','Incluir',112,2);
Insert into CORPORATIVO.CP_SERVICO (ID_SERVICO,SIGLA_SERVICO,DESC_SERVICO,ID_SERVICO_PAI,ID_TP_SERVICO) values (171,'SIGA-AQ-FOLHA-PSQ','Pesquisa',112,2);
Insert into CORPORATIVO.CP_SERVICO (ID_SERVICO,SIGLA_SERVICO,DESC_SERVICO,ID_SERVICO_PAI,ID_TP_SERVICO) values (172,'SIGA-AQ-LOTE-PROC','Processar',106,2);
Insert into CORPORATIVO.CP_SERVICO (ID_SERVICO,SIGLA_SERVICO,DESC_SERVICO,ID_SERVICO_PAI,ID_TP_SERVICO) values (173,'SIGA-AQ-LOTE-IMPR','Imprimir',106,2);
Insert into CORPORATIVO.CP_SERVICO (ID_SERVICO,SIGLA_SERVICO,DESC_SERVICO,ID_SERVICO_PAI,ID_TP_SERVICO) values (174,'SIGA-AQ-ATRIB-PROC','Processar',108,2);
Insert into CORPORATIVO.CP_SERVICO (ID_SERVICO,SIGLA_SERVICO,DESC_SERVICO,ID_SERVICO_PAI,ID_TP_SERVICO) values (175,'SIGA-AQ-DUP-PSQ','Pesquisa',110,2);
Insert into CORPORATIVO.CP_SERVICO (ID_SERVICO,SIGLA_SERVICO,DESC_SERVICO,ID_SERVICO_PAI,ID_TP_SERVICO) values (176,'SIGA-AQ-DUP-ALT','Alterar',110,2);
Insert into CORPORATIVO.CP_SERVICO (ID_SERVICO,SIGLA_SERVICO,DESC_SERVICO,ID_SERVICO_PAI,ID_TP_SERVICO) values (177,'SIGA-AQ-CSLOTE-PSQ','Pesquisa',145,2);
Insert into CORPORATIVO.CP_SERVICO (ID_SERVICO,SIGLA_SERVICO,DESC_SERVICO,ID_SERVICO_PAI,ID_TP_SERVICO) values (178,'SIGA-AQ-RELDUP','Relatorio',82,2);
Insert into CORPORATIVO.CP_SERVICO (ID_SERVICO,SIGLA_SERVICO,DESC_SERVICO,ID_SERVICO_PAI,ID_TP_SERVICO) values (179,'SIGA-AQ-RELDUP-MENU','Acesso',178,2);
Insert into CORPORATIVO.CP_SERVICO (ID_SERVICO,SIGLA_SERVICO,DESC_SERVICO,ID_SERVICO_PAI,ID_TP_SERVICO) values (180,'SIGA-AQ-RELDUP-IMPR','Imprimir',178,2);
Insert into CORPORATIVO.CP_SERVICO (ID_SERVICO,SIGLA_SERVICO,DESC_SERVICO,ID_SERVICO_PAI,ID_TP_SERVICO) values (181,'SIGA-AQ-RELRES','Pagamento',82,2);
Insert into CORPORATIVO.CP_SERVICO (ID_SERVICO,SIGLA_SERVICO,DESC_SERVICO,ID_SERVICO_PAI,ID_TP_SERVICO) values (182,'SIGA-AQ-RELRES-MENU','Acesso',181,2);
Insert into CORPORATIVO.CP_SERVICO (ID_SERVICO,SIGLA_SERVICO,DESC_SERVICO,ID_SERVICO_PAI,ID_TP_SERVICO) values (183,'SIGA-AQ-RELRES-IMPR','Imprimir',181,2);
Insert into CORPORATIVO.CP_SERVICO (ID_SERVICO,SIGLA_SERVICO,DESC_SERVICO,ID_SERVICO_PAI,ID_TP_SERVICO) values (184,'SIGA-AQ-RELPAG','Detalhado',82,2);
Insert into CORPORATIVO.CP_SERVICO (ID_SERVICO,SIGLA_SERVICO,DESC_SERVICO,ID_SERVICO_PAI,ID_TP_SERVICO) values (185,'SIGA-AQ-RELPAG-MENU','Acesso',184,2);
Insert into CORPORATIVO.CP_SERVICO (ID_SERVICO,SIGLA_SERVICO,DESC_SERVICO,ID_SERVICO_PAI,ID_TP_SERVICO) values (186,'SIGA-AQ-RELPAG-IMPR','Imprimir',184,2);
Insert into CORPORATIVO.CP_SERVICO (ID_SERVICO,SIGLA_SERVICO,DESC_SERVICO,ID_SERVICO_PAI,ID_TP_SERVICO) values (187,'SIGA-AQ-SERVNV','Consulta',82,2);
Insert into CORPORATIVO.CP_SERVICO (ID_SERVICO,SIGLA_SERVICO,DESC_SERVICO,ID_SERVICO_PAI,ID_TP_SERVICO) values (188,'SIGA-AQ-SERVNV-MENU','Acesso',187,2);
Insert into CORPORATIVO.CP_SERVICO (ID_SERVICO,SIGLA_SERVICO,DESC_SERVICO,ID_SERVICO_PAI,ID_TP_SERVICO) values (189,'SIGA-AQ-SERVNV-PSQ','Pesquisa',187,2);
Insert into CORPORATIVO.CP_SERVICO (ID_SERVICO,SIGLA_SERVICO,DESC_SERVICO,ID_SERVICO_PAI,ID_TP_SERVICO) values (190,'SIGA-AQ-SERVNV-VISU','Visualizar',187,2);
Insert into CORPORATIVO.CP_SERVICO (ID_SERVICO,SIGLA_SERVICO,DESC_SERVICO,ID_SERVICO_PAI,ID_TP_SERVICO) values (191,'SIGA-AQ-SERVAN','Consulta',82,2);
Insert into CORPORATIVO.CP_SERVICO (ID_SERVICO,SIGLA_SERVICO,DESC_SERVICO,ID_SERVICO_PAI,ID_TP_SERVICO) values (192,'SIGA-AQ-SERVAN-MENU','Acesso',191,2);
Insert into CORPORATIVO.CP_SERVICO (ID_SERVICO,SIGLA_SERVICO,DESC_SERVICO,ID_SERVICO_PAI,ID_TP_SERVICO) values (193,'SIGA-AQ-SERVAN-PSQ','Pesquisa',191,2);
Insert into CORPORATIVO.CP_SERVICO (ID_SERVICO,SIGLA_SERVICO,DESC_SERVICO,ID_SERVICO_PAI,ID_TP_SERVICO) values (194,'SIGA-AQ-SERVAN-VISU','Visualizar',191,2);
Insert into CORPORATIVO.CP_SERVICO (ID_SERVICO,SIGLA_SERVICO,DESC_SERVICO,ID_SERVICO_PAI,ID_TP_SERVICO) values (195,'SIGA-AQ-ACESSO','Carga',82,2);
Insert into CORPORATIVO.CP_SERVICO (ID_SERVICO,SIGLA_SERVICO,DESC_SERVICO,ID_SERVICO_PAI,ID_TP_SERVICO) values (196,'SIGA-AQ-ACESSO-MENU','Acesso',195,2);
Insert into CORPORATIVO.CP_SERVICO (ID_SERVICO,SIGLA_SERVICO,DESC_SERVICO,ID_SERVICO_PAI,ID_TP_SERVICO) values (204,'SIGA-AQ-SERVTD','Consulta',82,2);
Insert into CORPORATIVO.CP_SERVICO (ID_SERVICO,SIGLA_SERVICO,DESC_SERVICO,ID_SERVICO_PAI,ID_TP_SERVICO) values (205,'SIGA-AQ-SERVTD-MENU','Acesso',204,2);
Insert into CORPORATIVO.CP_SERVICO (ID_SERVICO,SIGLA_SERVICO,DESC_SERVICO,ID_SERVICO_PAI,ID_TP_SERVICO) values (206,'SIGA-AQ-SERVTD-PSQ','Pesquisa',204,2);
Insert into CORPORATIVO.CP_SERVICO (ID_SERVICO,SIGLA_SERVICO,DESC_SERVICO,ID_SERVICO_PAI,ID_TP_SERVICO) values (207,'SIGA-AQ-SERVTD-VISU','Visualizar',204,2);
Insert into CORPORATIVO.CP_SERVICO (ID_SERVICO,SIGLA_SERVICO,DESC_SERVICO,ID_SERVICO_PAI,ID_TP_SERVICO) values (208,'SIGA-AQ-CARGA-PROC','Processar',133,2);
Insert into CORPORATIVO.CP_SERVICO (ID_SERVICO,SIGLA_SERVICO,DESC_SERVICO,ID_SERVICO_PAI,ID_TP_SERVICO) values (224,'SIGA-AQ-FOLHA-PROC','Processar',112,2);
Insert into CORPORATIVO.CP_SERVICO (ID_SERVICO,SIGLA_SERVICO,DESC_SERVICO,ID_SERVICO_PAI,ID_TP_SERVICO) values (244,'SIGA-AQ-FOLHA-FCH','Fechar',112,2);
Insert into CORPORATIVO.CP_SERVICO (ID_SERVICO,SIGLA_SERVICO,DESC_SERVICO,ID_SERVICO_PAI,ID_TP_SERVICO) values (245,'SIGA-AQ-FOLHA-ARQ','Arquivo',112,2);
Insert into CORPORATIVO.CP_SERVICO (ID_SERVICO,SIGLA_SERVICO,DESC_SERVICO,ID_SERVICO_PAI,ID_TP_SERVICO) values (264,'SIGA-AQ-MENUBAR','Acesso',82,2);
Insert into CORPORATIVO.CP_SERVICO (ID_SERVICO,SIGLA_SERVICO,DESC_SERVICO,ID_SERVICO_PAI,ID_TP_SERVICO) values (265,'SIGA-AQ-MENUBAR-Tab','Tabelas',264,2);
Insert into CORPORATIVO.CP_SERVICO (ID_SERVICO,SIGLA_SERVICO,DESC_SERVICO,ID_SERVICO_PAI,ID_TP_SERVICO) values (266,'SIGA-AQ-MENUBAR-Crs','Cursos',264,2);
Insert into CORPORATIVO.CP_SERVICO (ID_SERVICO,SIGLA_SERVICO,DESC_SERVICO,ID_SERVICO_PAI,ID_TP_SERVICO) values (267,'SIGA-AQ-MENUBAR-Lt','Lotes',264,2);
Insert into CORPORATIVO.CP_SERVICO (ID_SERVICO,SIGLA_SERVICO,DESC_SERVICO,ID_SERVICO_PAI,ID_TP_SERVICO) values (268,'SIGA-AQ-MENUBAR-Rel','Relatorio',264,2);
Insert into CORPORATIVO.CP_SERVICO (ID_SERVICO,SIGLA_SERVICO,DESC_SERVICO,ID_SERVICO_PAI,ID_TP_SERVICO) values (269,'SIGA-AQ-MENUBAR-Cst','Consulta',264,2);
Insert into CORPORATIVO.CP_SERVICO (ID_SERVICO,SIGLA_SERVICO,DESC_SERVICO,ID_SERVICO_PAI,ID_TP_SERVICO) values (270,'SIGA-AQ-MENUBAR-Cg','Carga',264,2);
Insert into CORPORATIVO.CP_SERVICO (ID_SERVICO,SIGLA_SERVICO,DESC_SERVICO,ID_SERVICO_PAI,ID_TP_SERVICO) values (271,'SIGA-AQ-USU','Permissão de usuário comum',82,2);
Insert into CORPORATIVO.CP_SERVICO (ID_SERVICO,SIGLA_SERVICO,DESC_SERVICO,ID_SERVICO_PAI,ID_TP_SERVICO) values (284,'SIGA-DOC-REL','Gerar relatórios',2,2);
Insert into CORPORATIVO.CP_SERVICO (ID_SERVICO,SIGLA_SERVICO,DESC_SERVICO,ID_SERVICO_PAI,ID_TP_SERVICO) values (304,'SIGA-DOC-REL-FORMS','Relação de formulários',284,2);
Insert into CORPORATIVO.CP_SERVICO (ID_SERVICO,SIGLA_SERVICO,DESC_SERVICO,ID_SERVICO_PAI,ID_TP_SERVICO) values (305,'SIGA-DOC-REL-DATAS','Relação de documentos entre datas',284,2);
Insert into CORPORATIVO.CP_SERVICO (ID_SERVICO,SIGLA_SERVICO,DESC_SERVICO,ID_SERVICO_PAI,ID_TP_SERVICO) values (306,'SIGA-DOC-REL-SUBORD','Relatório de documentos em setores subordinados',284,2);



Insert into CORPORATIVO.CP_CONFIGURACAO (ID_CONFIGURACAO,DT_INI_VIG_CONFIGURACAO,DT_FIM_VIG_CONFIGURACAO,ID_ORGAO_USU,ID_LOTACAO,ID_CARGO,ID_FUNCAO_CONFIANCA,ID_PESSOA,ID_SIT_CONFIGURACAO,ID_TP_CONFIGURACAO,ID_SERVICO,ID_GRUPO,NM_EMAIL,DESC_FORMULA,ID_TP_LOTACAO,ID_IDENTIDADE,HIS_IDC_INI,HIS_IDC_FIM) values (NEXT VALUE FOR CORPORATIVO.CP_CONFIGURACAO_SEQ,DATE('2012-03-22'),null,null,null,null,null,1,1,200,2,null,null,null,null,null,1,null);
Insert into CORPORATIVO.CP_CONFIGURACAO (ID_CONFIGURACAO,DT_INI_VIG_CONFIGURACAO,DT_FIM_VIG_CONFIGURACAO,ID_ORGAO_USU,ID_LOTACAO,ID_CARGO,ID_FUNCAO_CONFIANCA,ID_PESSOA,ID_SIT_CONFIGURACAO,ID_TP_CONFIGURACAO,ID_SERVICO,ID_GRUPO,NM_EMAIL,DESC_FORMULA,ID_TP_LOTACAO,ID_IDENTIDADE,HIS_IDC_INI,HIS_IDC_FIM) values (NEXT VALUE FOR CORPORATIVO.CP_CONFIGURACAO_SEQ,DATE('2012-03-22'),null,null,null,null,null,1,1,200,65,null,null,null,null,null,1,null);
Insert into CORPORATIVO.CP_CONFIGURACAO (ID_CONFIGURACAO,DT_INI_VIG_CONFIGURACAO,DT_FIM_VIG_CONFIGURACAO,ID_ORGAO_USU,ID_LOTACAO,ID_CARGO,ID_FUNCAO_CONFIANCA,ID_PESSOA,ID_SIT_CONFIGURACAO,ID_TP_CONFIGURACAO,ID_SERVICO,ID_GRUPO,NM_EMAIL,DESC_FORMULA,ID_TP_LOTACAO,ID_IDENTIDADE,HIS_IDC_INI,HIS_IDC_FIM) values (NEXT VALUE FOR CORPORATIVO.CP_CONFIGURACAO_SEQ,DATE('2012-03-22'),null,null,null,null,null,1,1,200,3,null,null,null,null,null,1,null);
Insert into CORPORATIVO.CP_CONFIGURACAO (ID_CONFIGURACAO,DT_INI_VIG_CONFIGURACAO,DT_FIM_VIG_CONFIGURACAO,ID_ORGAO_USU,ID_LOTACAO,ID_CARGO,ID_FUNCAO_CONFIANCA,ID_PESSOA,ID_SIT_CONFIGURACAO,ID_TP_CONFIGURACAO,ID_SERVICO,ID_GRUPO,NM_EMAIL,DESC_FORMULA,ID_TP_LOTACAO,ID_IDENTIDADE,HIS_IDC_INI,HIS_IDC_FIM) values (NEXT VALUE FOR CORPORATIVO.CP_CONFIGURACAO_SEQ,DATE('2012-03-22'),null,null,null,null,null,1,1,200,42,null,null,null,null,null,1,null);
Insert into CORPORATIVO.CP_CONFIGURACAO (ID_CONFIGURACAO,DT_INI_VIG_CONFIGURACAO,DT_FIM_VIG_CONFIGURACAO,ID_ORGAO_USU,ID_LOTACAO,ID_CARGO,ID_FUNCAO_CONFIANCA,ID_PESSOA,ID_SIT_CONFIGURACAO,ID_TP_CONFIGURACAO,ID_SERVICO,ID_GRUPO,NM_EMAIL,DESC_FORMULA,ID_TP_LOTACAO,ID_IDENTIDADE,HIS_IDC_INI,HIS_IDC_FIM) values (NEXT VALUE FOR CORPORATIVO.CP_CONFIGURACAO_SEQ,DATE('2012-03-22'),null,null,null,null,null,1,1,200,41,null,null,null,null,null,1,null);
Insert into CORPORATIVO.CP_CONFIGURACAO (ID_CONFIGURACAO,DT_INI_VIG_CONFIGURACAO,DT_FIM_VIG_CONFIGURACAO,ID_ORGAO_USU,ID_LOTACAO,ID_CARGO,ID_FUNCAO_CONFIANCA,ID_PESSOA,ID_SIT_CONFIGURACAO,ID_TP_CONFIGURACAO,ID_SERVICO,ID_GRUPO,NM_EMAIL,DESC_FORMULA,ID_TP_LOTACAO,ID_IDENTIDADE,HIS_IDC_INI,HIS_IDC_FIM) values (NEXT VALUE FOR CORPORATIVO.CP_CONFIGURACAO_SEQ,DATE('2012-03-22'),null,null,null,null,null,1,1,200,24,null,null,null,null,null,1,null);
Insert into CORPORATIVO.CP_CONFIGURACAO (ID_CONFIGURACAO,DT_INI_VIG_CONFIGURACAO,DT_FIM_VIG_CONFIGURACAO,ID_ORGAO_USU,ID_LOTACAO,ID_CARGO,ID_FUNCAO_CONFIANCA,ID_PESSOA,ID_SIT_CONFIGURACAO,ID_TP_CONFIGURACAO,ID_SERVICO,ID_GRUPO,NM_EMAIL,DESC_FORMULA,ID_TP_LOTACAO,ID_IDENTIDADE,HIS_IDC_INI,HIS_IDC_FIM) values (NEXT VALUE FOR CORPORATIVO.CP_CONFIGURACAO_SEQ,DATE('2012-03-22'),null,null,null,null,null,1,1,200,16,null,null,null,null,null,1,null);
Insert into CORPORATIVO.CP_CONFIGURACAO (ID_CONFIGURACAO,DT_INI_VIG_CONFIGURACAO,DT_FIM_VIG_CONFIGURACAO,ID_ORGAO_USU,ID_LOTACAO,ID_CARGO,ID_FUNCAO_CONFIANCA,ID_PESSOA,ID_SIT_CONFIGURACAO,ID_TP_CONFIGURACAO,ID_SERVICO,ID_GRUPO,NM_EMAIL,DESC_FORMULA,ID_TP_LOTACAO,ID_IDENTIDADE,HIS_IDC_INI,HIS_IDC_FIM) values (NEXT VALUE FOR CORPORATIVO.CP_CONFIGURACAO_SEQ,DATE('2012-03-22'),null,null,null,null,null,1,1,200,284,null,null,null,null,null,1,null);
Insert into CORPORATIVO.CP_CONFIGURACAO (ID_CONFIGURACAO,DT_INI_VIG_CONFIGURACAO,DT_FIM_VIG_CONFIGURACAO,ID_ORGAO_USU,ID_LOTACAO,ID_CARGO,ID_FUNCAO_CONFIANCA,ID_PESSOA,ID_SIT_CONFIGURACAO,ID_TP_CONFIGURACAO,ID_SERVICO,ID_GRUPO,NM_EMAIL,DESC_FORMULA,ID_TP_LOTACAO,ID_IDENTIDADE,HIS_IDC_INI,HIS_IDC_FIM) values (NEXT VALUE FOR CORPORATIVO.CP_CONFIGURACAO_SEQ,DATE('2012-03-22'),null,null,null,null,null,1,1,200,306,null,null,null,null,null,1,null);
Insert into CORPORATIVO.CP_CONFIGURACAO (ID_CONFIGURACAO,DT_INI_VIG_CONFIGURACAO,DT_FIM_VIG_CONFIGURACAO,ID_ORGAO_USU,ID_LOTACAO,ID_CARGO,ID_FUNCAO_CONFIANCA,ID_PESSOA,ID_SIT_CONFIGURACAO,ID_TP_CONFIGURACAO,ID_SERVICO,ID_GRUPO,NM_EMAIL,DESC_FORMULA,ID_TP_LOTACAO,ID_IDENTIDADE,HIS_IDC_INI,HIS_IDC_FIM) values (NEXT VALUE FOR CORPORATIVO.CP_CONFIGURACAO_SEQ,DATE('2012-03-20'),null,null,null,null,null,1,1,200,15,null,null,null,null,null,1,null);
Insert into CORPORATIVO.CP_CONFIGURACAO (ID_CONFIGURACAO,DT_INI_VIG_CONFIGURACAO,DT_FIM_VIG_CONFIGURACAO,ID_ORGAO_USU,ID_LOTACAO,ID_CARGO,ID_FUNCAO_CONFIANCA,ID_PESSOA,ID_SIT_CONFIGURACAO,ID_TP_CONFIGURACAO,ID_SERVICO,ID_GRUPO,NM_EMAIL,DESC_FORMULA,ID_TP_LOTACAO,ID_IDENTIDADE,HIS_IDC_INI,HIS_IDC_FIM) values (NEXT VALUE FOR CORPORATIVO.CP_CONFIGURACAO_SEQ,DATE('2012-03-20'),null,null,null,null,null,1,1,200,17,null,null,null,null,null,1,null);
Insert into CORPORATIVO.CP_CONFIGURACAO (ID_CONFIGURACAO,DT_INI_VIG_CONFIGURACAO,DT_FIM_VIG_CONFIGURACAO,ID_ORGAO_USU,ID_LOTACAO,ID_CARGO,ID_FUNCAO_CONFIANCA,ID_PESSOA,ID_SIT_CONFIGURACAO,ID_TP_CONFIGURACAO,ID_SERVICO,ID_GRUPO,NM_EMAIL,DESC_FORMULA,ID_TP_LOTACAO,ID_IDENTIDADE,HIS_IDC_INI,HIS_IDC_FIM) values (NEXT VALUE FOR CORPORATIVO.CP_CONFIGURACAO_SEQ,DATE('2012-03-20'),null,null,null,null,null,1,1,200,18,null,null,null,null,null,1,null);
Insert into CORPORATIVO.CP_CONFIGURACAO (ID_CONFIGURACAO,DT_INI_VIG_CONFIGURACAO,DT_FIM_VIG_CONFIGURACAO,ID_ORGAO_USU,ID_LOTACAO,ID_CARGO,ID_FUNCAO_CONFIANCA,ID_PESSOA,ID_SIT_CONFIGURACAO,ID_TP_CONFIGURACAO,ID_SERVICO,ID_GRUPO,NM_EMAIL,DESC_FORMULA,ID_TP_LOTACAO,ID_IDENTIDADE,HIS_IDC_INI,HIS_IDC_FIM) values (NEXT VALUE FOR CORPORATIVO.CP_CONFIGURACAO_SEQ,DATE('2012-03-20'),null,null,null,null,null,1,1,200,19,null,null,null,null,null,1,null);
Insert into CORPORATIVO.CP_CONFIGURACAO (ID_CONFIGURACAO,DT_INI_VIG_CONFIGURACAO,DT_FIM_VIG_CONFIGURACAO,ID_ORGAO_USU,ID_LOTACAO,ID_CARGO,ID_FUNCAO_CONFIANCA,ID_PESSOA,ID_SIT_CONFIGURACAO,ID_TP_CONFIGURACAO,ID_SERVICO,ID_GRUPO,NM_EMAIL,DESC_FORMULA,ID_TP_LOTACAO,ID_IDENTIDADE,HIS_IDC_INI,HIS_IDC_FIM) values (NEXT VALUE FOR CORPORATIVO.CP_CONFIGURACAO_SEQ,DATE('2012-03-20'),null,null,null,null,null,1,1,200,20,null,null,null,null,null,1,null);
Insert into CORPORATIVO.CP_CONFIGURACAO (ID_CONFIGURACAO,DT_INI_VIG_CONFIGURACAO,DT_FIM_VIG_CONFIGURACAO,ID_ORGAO_USU,ID_LOTACAO,ID_CARGO,ID_FUNCAO_CONFIANCA,ID_PESSOA,ID_SIT_CONFIGURACAO,ID_TP_CONFIGURACAO,ID_SERVICO,ID_GRUPO,NM_EMAIL,DESC_FORMULA,ID_TP_LOTACAO,ID_IDENTIDADE,HIS_IDC_INI,HIS_IDC_FIM) values (NEXT VALUE FOR CORPORATIVO.CP_CONFIGURACAO_SEQ,DATE('2012-03-20'),null,null,null,null,null,1,1,200,21,null,null,null,null,null,1,null);
Insert into CORPORATIVO.CP_CONFIGURACAO (ID_CONFIGURACAO,DT_INI_VIG_CONFIGURACAO,DT_FIM_VIG_CONFIGURACAO,ID_ORGAO_USU,ID_LOTACAO,ID_CARGO,ID_FUNCAO_CONFIANCA,ID_PESSOA,ID_SIT_CONFIGURACAO,ID_TP_CONFIGURACAO,ID_SERVICO,ID_GRUPO,NM_EMAIL,DESC_FORMULA,ID_TP_LOTACAO,ID_IDENTIDADE,HIS_IDC_INI,HIS_IDC_FIM) values (NEXT VALUE FOR CORPORATIVO.CP_CONFIGURACAO_SEQ,DATE('2012-03-20'),null,null,null,null,null,1,1,200,22,null,null,null,null,null,1,null);
Insert into CORPORATIVO.CP_CONFIGURACAO (ID_CONFIGURACAO,DT_INI_VIG_CONFIGURACAO,DT_FIM_VIG_CONFIGURACAO,ID_ORGAO_USU,ID_LOTACAO,ID_CARGO,ID_FUNCAO_CONFIANCA,ID_PESSOA,ID_SIT_CONFIGURACAO,ID_TP_CONFIGURACAO,ID_SERVICO,ID_GRUPO,NM_EMAIL,DESC_FORMULA,ID_TP_LOTACAO,ID_IDENTIDADE,HIS_IDC_INI,HIS_IDC_FIM) values (NEXT VALUE FOR CORPORATIVO.CP_CONFIGURACAO_SEQ,DATE('2012-03-20'),null,null,null,null,null,1,1,200,23,null,null,null,null,null,1,null);
Insert into CORPORATIVO.CP_CONFIGURACAO (ID_CONFIGURACAO,DT_INI_VIG_CONFIGURACAO,DT_FIM_VIG_CONFIGURACAO,ID_ORGAO_USU,ID_LOTACAO,ID_CARGO,ID_FUNCAO_CONFIANCA,ID_PESSOA,ID_SIT_CONFIGURACAO,ID_TP_CONFIGURACAO,ID_SERVICO,ID_GRUPO,NM_EMAIL,DESC_FORMULA,ID_TP_LOTACAO,ID_IDENTIDADE,HIS_IDC_INI,HIS_IDC_FIM) values (NEXT VALUE FOR CORPORATIVO.CP_CONFIGURACAO_SEQ,DATE('2012-03-22'),null,null,null,null,null,1,1,200,1,null,null,null,null,null,1,null);
Insert into CORPORATIVO.CP_CONFIGURACAO (ID_CONFIGURACAO,DT_INI_VIG_CONFIGURACAO,DT_FIM_VIG_CONFIGURACAO,ID_ORGAO_USU,ID_LOTACAO,ID_CARGO,ID_FUNCAO_CONFIANCA,ID_PESSOA,ID_SIT_CONFIGURACAO,ID_TP_CONFIGURACAO,ID_SERVICO,ID_GRUPO,NM_EMAIL,DESC_FORMULA,ID_TP_LOTACAO,ID_IDENTIDADE,HIS_IDC_INI,HIS_IDC_FIM) values (NEXT VALUE FOR CORPORATIVO.CP_CONFIGURACAO_SEQ,DATE('2012-03-22'),null,null,null,null,null,1,1,200,305,null,null,null,null,null,1,null);
Insert into CORPORATIVO.CP_CONFIGURACAO (ID_CONFIGURACAO,DT_INI_VIG_CONFIGURACAO,DT_FIM_VIG_CONFIGURACAO,ID_ORGAO_USU,ID_LOTACAO,ID_CARGO,ID_FUNCAO_CONFIANCA,ID_PESSOA,ID_SIT_CONFIGURACAO,ID_TP_CONFIGURACAO,ID_SERVICO,ID_GRUPO,NM_EMAIL,DESC_FORMULA,ID_TP_LOTACAO,ID_IDENTIDADE,HIS_IDC_INI,HIS_IDC_FIM) values (NEXT VALUE FOR CORPORATIVO.CP_CONFIGURACAO_SEQ,DATE('2012-03-22'),null,null,null,null,null,1,1,200,304,null,null,null,null,null,1,null);
Insert into CORPORATIVO.CP_CONFIGURACAO (ID_CONFIGURACAO,DT_INI_VIG_CONFIGURACAO,DT_FIM_VIG_CONFIGURACAO,ID_ORGAO_USU,ID_LOTACAO,ID_CARGO,ID_FUNCAO_CONFIANCA,ID_PESSOA,ID_SIT_CONFIGURACAO,ID_TP_CONFIGURACAO,ID_SERVICO,ID_GRUPO,NM_EMAIL,DESC_FORMULA,ID_TP_LOTACAO,ID_IDENTIDADE,HIS_IDC_INI,HIS_IDC_FIM) values (NEXT VALUE FOR CORPORATIVO.CP_CONFIGURACAO_SEQ,DATE('2012-03-22'),null,null,null,null,null,1,1,200,62,null,null,null,null,null,1,null);
Insert into CORPORATIVO.CP_CONFIGURACAO (ID_CONFIGURACAO,DT_INI_VIG_CONFIGURACAO,DT_FIM_VIG_CONFIGURACAO,ID_ORGAO_USU,ID_LOTACAO,ID_CARGO,ID_FUNCAO_CONFIANCA,ID_PESSOA,ID_SIT_CONFIGURACAO,ID_TP_CONFIGURACAO,ID_SERVICO,ID_GRUPO,NM_EMAIL,DESC_FORMULA,ID_TP_LOTACAO,ID_IDENTIDADE,HIS_IDC_INI,HIS_IDC_FIM) values (NEXT VALUE FOR CORPORATIVO.CP_CONFIGURACAO_SEQ,DATE('2012-03-22'),null,null,null,null,null,1,1,200,64,null,null,null,null,null,1,null);
Insert into CORPORATIVO.CP_CONFIGURACAO (ID_CONFIGURACAO,DT_INI_VIG_CONFIGURACAO,DT_FIM_VIG_CONFIGURACAO,ID_ORGAO_USU,ID_LOTACAO,ID_CARGO,ID_FUNCAO_CONFIANCA,ID_PESSOA,ID_SIT_CONFIGURACAO,ID_TP_CONFIGURACAO,ID_SERVICO,ID_GRUPO,NM_EMAIL,DESC_FORMULA,ID_TP_LOTACAO,ID_IDENTIDADE,HIS_IDC_INI,HIS_IDC_FIM) values (NEXT VALUE FOR CORPORATIVO.CP_CONFIGURACAO_SEQ,DATE('2012-03-22'),null,null,null,null,null,1,1,200,63,null,null,null,null,null,1,null);
